{"type":"FeatureCollection","crs":{"type":"name","properties":{"name":"EPSG:9377"}},"features":[{"type":"Feature","id":1,"geometry":{"type":"Point","coordinates":[4714128.467600002,2246298.381500002]},"properties":{"OBJECTID":1,"id_cruce":402,"id_controlador":391,"direccion":"CR 65  CL 20","ubicacion":null,"cod_barrio":"1504","link_foto":"secretaria_movilidad/images/cruces/402/imagen.jpg","cod_smf_cl_cont":"E2","x_origen_nacional":4714128.4676000001,"y_origen_nacional":2246298.3815000001}},{"type":"Feature","id":2,"geometry":{"type":"Point","coordinates":[4714217.370600001,2246728.5368000027]},"properties":{"OBJECTID":2,"id_cruce":403,"id_controlador":111,"direccion":"CR 65  CL 25","ubicacion":null,"cod_barrio":"1503","link_foto":null,"cod_smf_cl_cont":null,"x_origen_nacional":4714217.3706,"y_origen_nacional":2246728.5367999999}},{"type":"Feature","id":3,"geometry":{"type":"Point","coordinates":[4714308.0004000012,2247327.8450999986]},"properties":{"OBJECTID":3,"id_cruce":404,"id_controlador":75,"direccion":"CR 65  CL 30","ubicacion":"Cost NORTE","cod_barrio":"1601","link_foto":null,"cod_smf_cl_cont":null,"x_origen_nacional":4714308.0004000003,"y_origen_nacional":2247327.8451}},{"type":"Feature","id":4,"geometry":{"type":"Point","coordinates":[4714343.4710000008,2249614.8823000044]},"properties":{"OBJECTID":4,"id_cruce":412,"id_controlador":397,"direccion":"CR 65  CL 47 D","ubicacion":null,"cod_barrio":"1103","link_foto":null,"cod_smf_cl_cont":null,"x_origen_nacional":4714343.4709999999,"y_origen_nacional":2249614.8823000002}},{"type":"Feature","id":5,"geometry":{"type":"Point","coordinates":[4714358.166600001,2249668.4202999994]},"properties":{"OBJECTID":5,"id_cruce":413,"id_controlador":397,"direccion":"CR 65  CL 48","ubicacion":null,"cod_barrio":"1102","link_foto":null,"cod_smf_cl_cont":null,"x_origen_nacional":4714358.1666000001,"y_origen_nacional":2249668.4202999999}},{"type":"Feature","id":6,"geometry":{"type":"Point","coordinates":[4714483.9101000009,2249924.1193000022]},"properties":{"OBJECTID":6,"id_cruce":414,"id_controlador":154,"direccion":"CR 65  CL 49 B","ubicacion":null,"cod_barrio":"1102","link_foto":null,"cod_smf_cl_cont":null,"x_origen_nacional":4714483.9101,"y_origen_nacional":2249924.1192999999}},{"type":"Feature","id":7,"geometry":{"type":"Point","coordinates":[4713857.9153000014,2245202.2403999995]},"properties":{"OBJECTID":7,"id_cruce":415,"id_controlador":28,"direccion":"CR 65  CL 5","ubicacion":null,"cod_barrio":"Inst_19","link_foto":null,"cod_smf_cl_cont":null,"x_origen_nacional":4713857.9153000005,"y_origen_nacional":2245202.2404}},{"type":"Feature","id":8,"geometry":{"type":"Point","coordinates":[4714507.6498999996,2249982.3047000021]},"properties":{"OBJECTID":8,"id_cruce":416,"id_controlador":153,"direccion":"CR 65  CL 50","ubicacion":null,"cod_barrio":"1102","link_foto":null,"cod_smf_cl_cont":null,"x_origen_nacional":4714507.6498999996,"y_origen_nacional":2249982.3047000002}},{"type":"Feature","id":9,"geometry":{"type":"Point","coordinates":[4714533.2001,2250041.7455000002]},"properties":{"OBJECTID":9,"id_cruce":417,"id_controlador":152,"direccion":"CR 65  CL 51","ubicacion":null,"cod_barrio":"1101","link_foto":null,"cod_smf_cl_cont":null,"x_origen_nacional":4714533.2001,"y_origen_nacional":2250041.7455000002}},{"type":"Feature","id":10,"geometry":{"type":"Point","coordinates":[4714610.0289000012,2250260.2727000006]},"properties":{"OBJECTID":10,"id_cruce":418,"id_controlador":151,"direccion":"CR 65  CL 55","ubicacion":null,"cod_barrio":"1101","link_foto":null,"cod_smf_cl_cont":null,"x_origen_nacional":4714610.0289000003,"y_origen_nacional":2250260.2727000001}},{"type":"Feature","id":11,"geometry":{"type":"Point","coordinates":[4714634.1910000006,2250293.5600000005]},"properties":{"OBJECTID":11,"id_cruce":419,"id_controlador":151,"direccion":"CR 65  CL 57","ubicacion":null,"cod_barrio":"1101","link_foto":null,"cod_smf_cl_cont":null,"x_origen_nacional":4714634.1909999996,"y_origen_nacional":2250293.5600000001}},{"type":"Feature","id":12,"geometry":{"type":"Point","coordinates":[4715362.0980000002,2252229.0485999994]},"properties":{"OBJECTID":12,"id_cruce":421,"id_controlador":398,"direccion":"CR 65  CL 80","ubicacion":null,"cod_barrio":"Inst_3","link_foto":null,"cod_smf_cl_cont":null,"x_origen_nacional":4715362.0980000002,"y_origen_nacional":2252229.0485999999}},{"type":"Feature","id":13,"geometry":{"type":"Point","coordinates":[4715439.3109000009,2252472.4906000011]},"properties":{"OBJECTID":13,"id_cruce":422,"id_controlador":287,"direccion":"CR 65  CL 81 - ANFITEATRO","ubicacion":null,"cod_barrio":null,"link_foto":"secretaria_movilidad/images/cruces/422/imagen.jpg","cod_smf_cl_cont":"E1","x_origen_nacional":4715439.3108999999,"y_origen_nacional":2252472.4906000001}},{"type":"Feature","id":14,"geometry":{"type":"Point","coordinates":[4715519.7512999987,2252880.2138999999]},"properties":{"OBJECTID":14,"id_cruce":423,"id_controlador":287,"direccion":"CR 65  CL 89","ubicacion":null,"cod_barrio":"0514","link_foto":"secretaria_movilidad/images/cruces/423/imagen.jpg","cod_smf_cl_cont":"E1","x_origen_nacional":4715519.7512999997,"y_origen_nacional":2252880.2138999999}},{"type":"Feature","id":15,"geometry":{"type":"Point","coordinates":[4715561.4544000011,2253022.7594000027]},"properties":{"OBJECTID":15,"id_cruce":424,"id_controlador":287,"direccion":"CR 65  CL 91 C","ubicacion":null,"cod_barrio":"0513","link_foto":null,"cod_smf_cl_cont":null,"x_origen_nacional":4715561.4544000002,"y_origen_nacional":2253022.7593999999}},{"type":"Feature","id":16,"geometry":{"type":"Point","coordinates":[4715705.4367000014,2253340.0714999996]},"properties":{"OBJECTID":16,"id_cruce":425,"id_controlador":288,"direccion":"CR 65  CL 93","ubicacion":null,"cod_barrio":"0511","link_foto":null,"cod_smf_cl_cont":null,"x_origen_nacional":4715705.4367000004,"y_origen_nacional":2253340.0715000001}},{"type":"Feature","id":17,"geometry":{"type":"Point","coordinates":[4715769.1410000008,2253776.9955000021]},"properties":{"OBJECTID":17,"id_cruce":426,"id_controlador":289,"direccion":"CR 65  CL 96","ubicacion":null,"cod_barrio":"0511","link_foto":null,"cod_smf_cl_cont":null,"x_origen_nacional":4715769.1409999998,"y_origen_nacional":2253776.9955000002}},{"type":"Feature","id":18,"geometry":{"type":"Point","coordinates":[4715801.1578000011,2253914.0544000026]},"properties":{"OBJECTID":18,"id_cruce":427,"id_controlador":289,"direccion":"CR 65  CL 97","ubicacion":null,"cod_barrio":"0511","link_foto":null,"cod_smf_cl_cont":null,"x_origen_nacional":4715801.1578000002,"y_origen_nacional":2253914.0543999998}},{"type":"Feature","id":19,"geometry":{"type":"Point","coordinates":[4715841.6338000009,2254069.6655000001]},"properties":{"OBJECTID":19,"id_cruce":428,"id_controlador":290,"direccion":"CR 65  CL 98","ubicacion":null,"cod_barrio":"0509","link_foto":null,"cod_smf_cl_cont":null,"x_origen_nacional":4715841.6338,"y_origen_nacional":2254069.6655000001}},{"type":"Feature","id":20,"geometry":{"type":"Point","coordinates":[4715893.4530000016,2254173.0243000016]},"properties":{"OBJECTID":20,"id_cruce":429,"id_controlador":290,"direccion":"CR 65  CL 98 A","ubicacion":null,"cod_barrio":"0509","link_foto":null,"cod_smf_cl_cont":null,"x_origen_nacional":4715893.4529999997,"y_origen_nacional":2254173.0243000002}},{"type":"Feature","id":21,"geometry":{"type":"Point","coordinates":[4715331.2607000005,2252117.9535000045]},"properties":{"OBJECTID":21,"id_cruce":432,"id_controlador":398,"direccion":"CR 65  TV 78","ubicacion":null,"cod_barrio":"0519","link_foto":null,"cod_smf_cl_cont":null,"x_origen_nacional":4715331.2607000005,"y_origen_nacional":2252117.9534999998}},{"type":"Feature","id":22,"geometry":{"type":"Point","coordinates":[4714400.1969999988,2250038.7215999998]},"properties":{"OBJECTID":22,"id_cruce":442,"id_controlador":513,"direccion":"CR 66  CL 50","ubicacion":null,"cod_barrio":"1102","link_foto":"secretaria_movilidad/images/cruces/442/imagen.jpg","cod_smf_cl_cont":"E2","x_origen_nacional":4714400.1969999997,"y_origen_nacional":2250038.7215999998}},{"type":"Feature","id":23,"geometry":{"type":"Point","coordinates":[4714324.7079000007,2250002.4944999982]},"properties":{"OBJECTID":23,"id_cruce":436,"id_controlador":144,"direccion":"CR 66 A  CL 49 B","ubicacion":"PEATONAL EXITO","cod_barrio":"1102","link_foto":null,"cod_smf_cl_cont":null,"x_origen_nacional":4714324.7078999998,"y_origen_nacional":2250002.4945}},{"type":"Feature","id":24,"geometry":{"type":"Point","coordinates":[4713808.7058000006,2247285.7469000034]},"properties":{"OBJECTID":24,"id_cruce":437,"id_controlador":74,"direccion":"CR 66 B  CL 30","ubicacion":null,"cod_barrio":"Inst_19","link_foto":null,"cod_smf_cl_cont":null,"x_origen_nacional":4713808.7057999996,"y_origen_nacional":2247285.7469000001}},{"type":"Feature","id":25,"geometry":{"type":"Point","coordinates":[4713806.5338000013,2247373.1669999976]},"properties":{"OBJECTID":25,"id_cruce":438,"id_controlador":109,"direccion":"CR 66 B  CL 30 A","ubicacion":null,"cod_barrio":"1602","link_foto":null,"cod_smf_cl_cont":null,"x_origen_nacional":4713806.5338000003,"y_origen_nacional":2247373.1669999999}},{"type":"Feature","id":26,"geometry":{"type":"Point","coordinates":[4713792.3509000009,2248007.7885999996]},"properties":{"OBJECTID":26,"id_cruce":440,"id_controlador":106,"direccion":"CR 66 B  CL 32 F","ubicacion":"Sur","cod_barrio":"1602","link_foto":null,"cod_smf_cl_cont":null,"x_origen_nacional":4713792.3509,"y_origen_nacional":2248007.7886000001}},{"type":"Feature","id":27,"geometry":{"type":"Point","coordinates":[4713792.6501000021,2248069.1581999995]},"properties":{"OBJECTID":27,"id_cruce":439,"id_controlador":106,"direccion":"CR 66 B  CL 32 F","ubicacion":"Norte","cod_barrio":"1601","link_foto":null,"cod_smf_cl_cont":null,"x_origen_nacional":4713792.6501000002,"y_origen_nacional":2248069.1581999999}},{"type":"Feature","id":28,"geometry":{"type":"Point","coordinates":[4716061.0100000007,2254952.4929000009]},"properties":{"OBJECTID":28,"id_cruce":443,"id_controlador":291,"direccion":"CR 67  CL 104","ubicacion":null,"cod_barrio":"0505","link_foto":null,"cod_smf_cl_cont":null,"x_origen_nacional":4716061.0099999998,"y_origen_nacional":2254952.4929}},{"type":"Feature","id":29,"geometry":{"type":"Point","coordinates":[4714269.7286999999,2250031.6624000017]},"properties":{"OBJECTID":29,"id_cruce":444,"id_controlador":144,"direccion":"CR 67  CL 49 B","ubicacion":null,"cod_barrio":"1102","link_foto":null,"cod_smf_cl_cont":null,"x_origen_nacional":4714269.7286999999,"y_origen_nacional":2250031.6623999998}},{"type":"Feature","id":30,"geometry":{"type":"Point","coordinates":[4714306.1070000008,2250091.5914000012]},"properties":{"OBJECTID":30,"id_cruce":445,"id_controlador":144,"direccion":"CR 67  CL 50","ubicacion":null,"cod_barrio":"1101","link_foto":null,"cod_smf_cl_cont":null,"x_origen_nacional":4714306.1069999998,"y_origen_nacional":2250091.5913999998}},{"type":"Feature","id":31,"geometry":{"type":"Point","coordinates":[4714232.6547000008,2250198.4470000044]},"properties":{"OBJECTID":31,"id_cruce":446,"id_controlador":145,"direccion":"CR 67  CL 51","ubicacion":null,"cod_barrio":"1101","link_foto":null,"cod_smf_cl_cont":null,"x_origen_nacional":4714232.6546999998,"y_origen_nacional":2250198.4470000002}},{"type":"Feature","id":32,"geometry":{"type":"Point","coordinates":[4715163.5688000005,2252328.0308999997]},"properties":{"OBJECTID":32,"id_cruce":447,"id_controlador":398,"direccion":"CR 67  CL 80","ubicacion":null,"cod_barrio":"0519","link_foto":null,"cod_smf_cl_cont":null,"x_origen_nacional":4715163.5687999995,"y_origen_nacional":2252328.0309000001}},{"type":"Feature","id":33,"geometry":{"type":"Point","coordinates":[4713873.110700001,2249208.8457999993]},"properties":{"OBJECTID":33,"id_cruce":448,"id_controlador":132,"direccion":"CR 68 A  CL 44","ubicacion":null,"cod_barrio":"1103","link_foto":null,"cod_smf_cl_cont":null,"x_origen_nacional":4713873.1107000001,"y_origen_nacional":2249208.8457999998}},{"type":"Feature","id":34,"geometry":{"type":"Point","coordinates":[4717300.3244000003,2251365.2620999999]},"properties":{"OBJECTID":34,"id_cruce":185,"id_controlador":202,"direccion":"CR 46  CL 73","ubicacion":null,"cod_barrio":"0409","link_foto":null,"cod_smf_cl_cont":null,"x_origen_nacional":4717300.3244000003,"y_origen_nacional":2251365.2620999999}},{"type":"Feature","id":35,"geometry":{"type":"Point","coordinates":[4717353.3520999998,2251653.5880000032]},"properties":{"OBJECTID":35,"id_cruce":186,"id_controlador":203,"direccion":"CR 46  CL 78","ubicacion":null,"cod_barrio":"0410","link_foto":null,"cod_smf_cl_cont":null,"x_origen_nacional":4717353.3520999998,"y_origen_nacional":2251653.588}},{"type":"Feature","id":36,"geometry":{"type":"Point","coordinates":[4717391.0335000018,2251840.1587000024]},"properties":{"OBJECTID":36,"id_cruce":187,"id_controlador":204,"direccion":"CR 46  CL 80","ubicacion":null,"cod_barrio":"0410","link_foto":null,"cod_smf_cl_cont":null,"x_origen_nacional":4717391.0334999999,"y_origen_nacional":2251840.1587}},{"type":"Feature","id":37,"geometry":{"type":"Point","coordinates":[4717457.6831000019,2252212.0545000006]},"properties":{"OBJECTID":37,"id_cruce":188,"id_controlador":205,"direccion":"CR 46  CL 84","ubicacion":null,"cod_barrio":"0410","link_foto":null,"cod_smf_cl_cont":null,"x_origen_nacional":4717457.6831,"y_origen_nacional":2252212.0545000001}},{"type":"Feature","id":38,"geometry":{"type":"Point","coordinates":[4717507.9516000012,2252501.072300002]},"properties":{"OBJECTID":38,"id_cruce":189,"id_controlador":206,"direccion":"CR 46  CL 86","ubicacion":null,"cod_barrio":"0411","link_foto":null,"cod_smf_cl_cont":null,"x_origen_nacional":4717507.9516000003,"y_origen_nacional":2252501.0723000001}},{"type":"Feature","id":39,"geometry":{"type":"Point","coordinates":[4716126.901300001,2249070.2383999992]},"properties":{"OBJECTID":39,"id_cruce":192,"id_controlador":342,"direccion":"CR 47  CL 49","ubicacion":null,"cod_barrio":"1019","link_foto":null,"cod_smf_cl_cont":null,"x_origen_nacional":4716126.9013,"y_origen_nacional":2249070.2384000001}},{"type":"Feature","id":40,"geometry":{"type":"Point","coordinates":[4716163.4611000009,2249152.5206000004]},"properties":{"OBJECTID":40,"id_cruce":193,"id_controlador":335,"direccion":"CR 47  CL 50","ubicacion":null,"cod_barrio":"1019","link_foto":null,"cod_smf_cl_cont":null,"x_origen_nacional":4716163.4611,"y_origen_nacional":2249152.5205999999}},{"type":"Feature","id":41,"geometry":{"type":"Point","coordinates":[4716218.5187000008,2249251.2994999997]},"properties":{"OBJECTID":41,"id_cruce":194,"id_controlador":360,"direccion":"CR 47  CL 52","ubicacion":null,"cod_barrio":"1019","link_foto":null,"cod_smf_cl_cont":null,"x_origen_nacional":4716218.5186999999,"y_origen_nacional":2249251.2995000002}},{"type":"Feature","id":42,"geometry":{"type":"Point","coordinates":[4716308.2848000014,2249429.7177000046]},"properties":{"OBJECTID":42,"id_cruce":195,"id_controlador":229,"direccion":"CR 47  CL 53","ubicacion":null,"cod_barrio":"1019","link_foto":null,"cod_smf_cl_cont":null,"x_origen_nacional":4716308.2847999996,"y_origen_nacional":2249429.7176999999}},{"type":"Feature","id":43,"geometry":{"type":"Point","coordinates":[4716357.3771000011,2249507.0928000007]},"properties":{"OBJECTID":43,"id_cruce":196,"id_controlador":361,"direccion":"CR 47  CL 54","ubicacion":null,"cod_barrio":"1019","link_foto":null,"cod_smf_cl_cont":null,"x_origen_nacional":4716357.3771000002,"y_origen_nacional":2249507.0928000002}},{"type":"Feature","id":44,"geometry":{"type":"Point","coordinates":[4716296.8605999993,2244435.5313000027]},"properties":{"OBJECTID":44,"id_cruce":52,"id_controlador":39,"direccion":"CR 34  CL 7","ubicacion":null,"cod_barrio":"1417","link_foto":null,"cod_smf_cl_cont":null,"x_origen_nacional":4716296.8606000002,"y_origen_nacional":2244435.5312999999}},{"type":"Feature","id":45,"geometry":{"type":"Point","coordinates":[4716196.8018000005,2244732.5146999992]},"properties":{"OBJECTID":45,"id_cruce":53,"id_controlador":20,"direccion":"CR 35  CL 10","ubicacion":null,"cod_barrio":"1418","link_foto":null,"cod_smf_cl_cont":null,"x_origen_nacional":4716196.8017999995,"y_origen_nacional":2244732.5147000002}},{"type":"Feature","id":46,"geometry":{"type":"Point","coordinates":[4716241.4352000002,2244821.7667999994]},"properties":{"OBJECTID":46,"id_cruce":54,"id_controlador":14,"direccion":"CR 35  CL 10 A","ubicacion":null,"cod_barrio":"1406","link_foto":null,"cod_smf_cl_cont":null,"x_origen_nacional":4716241.4352000002,"y_origen_nacional":2244821.7667999999}},{"type":"Feature","id":47,"geometry":{"type":"Point","coordinates":[4717221.1856000014,2248496.6311000027]},"properties":{"OBJECTID":47,"id_cruce":55,"id_controlador":250,"direccion":"CR 35  CL 49","ubicacion":null,"cod_barrio":"0907","link_foto":null,"cod_smf_cl_cont":null,"x_origen_nacional":4717221.1856000004,"y_origen_nacional":2248496.6310999999}},{"type":"Feature","id":48,"geometry":{"type":"Point","coordinates":[4715875.3006000007,2243435.5689000003]},"properties":{"OBJECTID":48,"id_cruce":56,"id_controlador":42,"direccion":"CR 35  CL 5 S","ubicacion":null,"cod_barrio":"1415","link_foto":null,"cod_smf_cl_cont":null,"x_origen_nacional":4715875.3005999997,"y_origen_nacional":2243435.5688999998}},{"type":"Feature","id":49,"geometry":{"type":"Point","coordinates":[4716212.9255999997,2244469.3149000015]},"properties":{"OBJECTID":49,"id_cruce":57,"id_controlador":39,"direccion":"CR 35  CL 7","ubicacion":null,"cod_barrio":"1417","link_foto":null,"cod_smf_cl_cont":null,"x_origen_nacional":4716212.9255999997,"y_origen_nacional":2244469.3149000001}},{"type":"Feature","id":50,"geometry":{"type":"Point","coordinates":[4716141.3903999999,2244752.3226000015]},"properties":{"OBJECTID":50,"id_cruce":60,"id_controlador":20,"direccion":"CR 36  CL 10","ubicacion":null,"cod_barrio":"1418","link_foto":null,"cod_smf_cl_cont":null,"x_origen_nacional":4716141.3903999999,"y_origen_nacional":2244752.3226000001}},{"type":"Feature","id":51,"geometry":{"type":"Point","coordinates":[4716183.5350000011,2244840.2291000001]},"properties":{"OBJECTID":51,"id_cruce":61,"id_controlador":14,"direccion":"CR 36  CL 10 A","ubicacion":null,"cod_barrio":"1418","link_foto":null,"cod_smf_cl_cont":null,"x_origen_nacional":4716183.5350000001,"y_origen_nacional":2244840.2291000001}},{"type":"Feature","id":52,"geometry":{"type":"Point","coordinates":[4716985.0356999999,2248235.9111000001]},"properties":{"OBJECTID":52,"id_cruce":71,"id_controlador":280,"direccion":"CR 36  CL 45","ubicacion":"OZANAM","cod_barrio":"0911","link_foto":null,"cod_smf_cl_cont":null,"x_origen_nacional":4716985.0356999999,"y_origen_nacional":2248235.9111000001}},{"type":"Feature","id":53,"geometry":{"type":"Point","coordinates":[4716827.3162000002,2248445.4642999992]},"properties":{"OBJECTID":53,"id_cruce":72,"id_controlador":299,"direccion":"CR 37  CL 47 A","ubicacion":"BOMBEROS SALVADOR","cod_barrio":"1015","link_foto":null,"cod_smf_cl_cont":null,"x_origen_nacional":4716827.3162000002,"y_origen_nacional":2248445.4643000001}},{"type":"Feature","id":54,"geometry":{"type":"Point","coordinates":[4717028.2118000006,2248604.7936000004]},"properties":{"OBJECTID":54,"id_cruce":73,"id_controlador":249,"direccion":"CR 37  CL 49","ubicacion":null,"cod_barrio":"1016","link_foto":null,"cod_smf_cl_cont":null,"x_origen_nacional":4717028.2117999997,"y_origen_nacional":2248604.7936}},{"type":"Feature","id":55,"geometry":{"type":"Point","coordinates":[4716917.9382000007,2248654.2042000014]},"properties":{"OBJECTID":55,"id_cruce":74,"id_controlador":447,"direccion":"CR 38  CL 49","ubicacion":null,"cod_barrio":"1015","link_foto":null,"cod_smf_cl_cont":null,"x_origen_nacional":4716917.9381999997,"y_origen_nacional":2248654.2042}},{"type":"Feature","id":56,"geometry":{"type":"Point","coordinates":[4717075.6194000002,2248922.6816000007]},"properties":{"OBJECTID":56,"id_cruce":75,"id_controlador":246,"direccion":"CR 38  CL 51","ubicacion":null,"cod_barrio":"1016","link_foto":null,"cod_smf_cl_cont":null,"x_origen_nacional":4717075.6194000002,"y_origen_nacional":2248922.6815999998}},{"type":"Feature","id":57,"geometry":{"type":"Point","coordinates":[4715858.9576000003,2244481.4746000022]},"properties":{"OBJECTID":57,"id_cruce":83,"id_controlador":40,"direccion":"CR 39  CL 7","ubicacion":null,"cod_barrio":"1417","link_foto":null,"cod_smf_cl_cont":null,"x_origen_nacional":4715858.9576000003,"y_origen_nacional":2244481.4745999998}},{"type":"Feature","id":58,"geometry":{"type":"Point","coordinates":[4716767.7245000005,2248607.0525000021]},"properties":{"OBJECTID":58,"id_cruce":76,"id_controlador":244,"direccion":"CR 39  CL 48","ubicacion":null,"cod_barrio":"1015","link_foto":null,"cod_smf_cl_cont":null,"x_origen_nacional":4716767.7244999995,"y_origen_nacional":2248607.0525000002}},{"type":"Feature","id":59,"geometry":{"type":"Point","coordinates":[4716820.7323000003,2248699.8031000029]},"properties":{"OBJECTID":59,"id_cruce":77,"id_controlador":446,"direccion":"CR 39  CL 49","ubicacion":null,"cod_barrio":"1015","link_foto":null,"cod_smf_cl_cont":null,"x_origen_nacional":4716820.7323000003,"y_origen_nacional":2248699.8031000001}},{"type":"Feature","id":60,"geometry":{"type":"Point","coordinates":[4716883.3604000006,2248799.5111000016]},"properties":{"OBJECTID":60,"id_cruce":78,"id_controlador":245,"direccion":"CR 39  CL 50","ubicacion":null,"cod_barrio":"1016","link_foto":null,"cod_smf_cl_cont":null,"x_origen_nacional":4716883.3603999997,"y_origen_nacional":2248799.5110999998}},{"type":"Feature","id":61,"geometry":{"type":"Point","coordinates":[4716973.2638000008,2248969.4368000012]},"properties":{"OBJECTID":61,"id_cruce":79,"id_controlador":246,"direccion":"CR 39  CL 51","ubicacion":null,"cod_barrio":"1016","link_foto":null,"cod_smf_cl_cont":null,"x_origen_nacional":4716973.2637999998,"y_origen_nacional":2248969.4367999998}},{"type":"Feature","id":62,"geometry":{"type":"Point","coordinates":[4717035.3966000006,2249061.5585000012]},"properties":{"OBJECTID":62,"id_cruce":80,"id_controlador":246,"direccion":"CR 39  CL 54","ubicacion":null,"cod_barrio":"1016","link_foto":null,"cod_smf_cl_cont":null,"x_origen_nacional":4717035.3965999996,"y_origen_nacional":2249061.5584999998}},{"type":"Feature","id":63,"geometry":{"type":"Point","coordinates":[4717086.583300001,2249151.4982000012]},"properties":{"OBJECTID":63,"id_cruce":81,"id_controlador":247,"direccion":"CR 39  CL 55","ubicacion":null,"cod_barrio":"1016","link_foto":null,"cod_smf_cl_cont":null,"x_origen_nacional":4717086.5833000001,"y_origen_nacional":2249151.4981999998}},{"type":"Feature","id":64,"geometry":{"type":"Point","coordinates":[4717180.8945000004,2249299.1066000015]},"properties":{"OBJECTID":64,"id_cruce":82,"id_controlador":248,"direccion":"CR 39  CL 58","ubicacion":null,"cod_barrio":"1016","link_foto":null,"cod_smf_cl_cont":null,"x_origen_nacional":4717180.8945000004,"y_origen_nacional":2249299.1066000001}},{"type":"Feature","id":65,"geometry":{"type":"Point","coordinates":[4715924.9674000023,2244848.4103999995]},"properties":{"OBJECTID":65,"id_cruce":84,"id_controlador":19,"direccion":"CR 40  CL 10","ubicacion":null,"cod_barrio":"1418","link_foto":null,"cod_smf_cl_cont":null,"x_origen_nacional":4715924.9674000004,"y_origen_nacional":2244848.4103999999}},{"type":"Feature","id":66,"geometry":{"type":"Point","coordinates":[4716880.585500001,2249278.5775000006]},"properties":{"OBJECTID":66,"id_cruce":85,"id_controlador":238,"direccion":"CR 41  CL 55","ubicacion":null,"cod_barrio":"1016","link_foto":null,"cod_smf_cl_cont":null,"x_origen_nacional":4716880.5855,"y_origen_nacional":2249278.5775000001}},{"type":"Feature","id":67,"geometry":{"type":"Point","coordinates":[4716954.0874000005,2249406.7085999995]},"properties":{"OBJECTID":67,"id_cruce":86,"id_controlador":235,"direccion":"CR 41  CL 57","ubicacion":null,"cod_barrio":"1016","link_foto":null,"cod_smf_cl_cont":null,"x_origen_nacional":4716954.0873999996,"y_origen_nacional":2249406.7086}},{"type":"Feature","id":68,"geometry":{"type":"Point","coordinates":[4716994.0705000013,2249466.0779999997]},"properties":{"OBJECTID":68,"id_cruce":87,"id_controlador":235,"direccion":"CR 41  CL 58","ubicacion":null,"cod_barrio":"1017","link_foto":null,"cod_smf_cl_cont":null,"x_origen_nacional":4716994.0705000004,"y_origen_nacional":2249466.0780000002}},{"type":"Feature","id":69,"geometry":{"type":"Point","coordinates":[4716532.9455000004,2248734.1644000001]},"properties":{"OBJECTID":69,"id_cruce":89,"id_controlador":243,"direccion":"CR 42  CL 48","ubicacion":null,"cod_barrio":"1015","link_foto":null,"cod_smf_cl_cont":null,"x_origen_nacional":4716532.9455000004,"y_origen_nacional":2248734.1644000001}},{"type":"Feature","id":70,"geometry":{"type":"Point","coordinates":[4716676.4869999997,2249088.5805000011]},"properties":{"OBJECTID":70,"id_cruce":90,"id_controlador":367,"direccion":"CR 42  CL 52","ubicacion":null,"cod_barrio":"1016","link_foto":null,"cod_smf_cl_cont":null,"x_origen_nacional":4716676.4869999997,"y_origen_nacional":2249088.5805000002}},{"type":"Feature","id":71,"geometry":{"type":"Point","coordinates":[4715513.9491999997,2244158.3505000025]},"properties":{"OBJECTID":71,"id_cruce":91,"id_controlador":7,"direccion":"CR 43 A  CL 1 S","ubicacion":null,"cod_barrio":"1421","link_foto":null,"cod_smf_cl_cont":null,"x_origen_nacional":4715513.9491999997,"y_origen_nacional":2244158.3505000002}},{"type":"Feature","id":72,"geometry":{"type":"Point","coordinates":[4715660.7521000002,2244942.3238999974]},"properties":{"OBJECTID":72,"id_cruce":92,"id_controlador":4,"direccion":"CR 43 A  CL 10","ubicacion":null,"cod_barrio":"1418","link_foto":null,"cod_smf_cl_cont":null,"x_origen_nacional":4715660.7521000002,"y_origen_nacional":2244942.3239000002}},{"type":"Feature","id":73,"geometry":{"type":"Point","coordinates":[4714980.8274999997,2242969.1549999993]},"properties":{"OBJECTID":73,"id_cruce":93,"id_controlador":10,"direccion":"CR 43 A  CL 12 S","ubicacion":null,"cod_barrio":"1423","link_foto":null,"cod_smf_cl_cont":null,"x_origen_nacional":4714980.8274999997,"y_origen_nacional":2242969.1549999998}},{"type":"Feature","id":74,"geometry":{"type":"Point","coordinates":[4715717.566300001,2245398.0489000026]},"properties":{"OBJECTID":74,"id_cruce":94,"id_controlador":3,"direccion":"CR 43 A  CL 14","ubicacion":null,"cod_barrio":"1405","link_foto":null,"cod_smf_cl_cont":null,"x_origen_nacional":4715717.5663000001,"y_origen_nacional":2245398.0488999998}},{"type":"Feature","id":75,"geometry":{"type":"Point","coordinates":[4714905.8794000018,2242653.6422000006]},"properties":{"OBJECTID":75,"id_cruce":95,"id_controlador":11,"direccion":"CR 43 A  CL 16 A S","ubicacion":null,"cod_barrio":"1423","link_foto":null,"cod_smf_cl_cont":null,"x_origen_nacional":4714905.8794,"y_origen_nacional":2242653.6422000001}},{"type":"Feature","id":76,"geometry":{"type":"Point","coordinates":[4714824.2999,2242392.470900001]},"properties":{"OBJECTID":76,"id_cruce":96,"id_controlador":12,"direccion":"CR 43 A  CL 17 S","ubicacion":null,"cod_barrio":"1423","link_foto":null,"cod_smf_cl_cont":null,"x_origen_nacional":4714824.2999,"y_origen_nacional":2242392.4709000001}},{"type":"Feature","id":77,"geometry":{"type":"Point","coordinates":[4715782.1794999996,2245989.340900002]},"properties":{"OBJECTID":77,"id_cruce":97,"id_controlador":2,"direccion":"CR 43 A  CL 19","ubicacion":null,"cod_barrio":"1404","link_foto":null,"cod_smf_cl_cont":null,"x_origen_nacional":4715782.1794999996,"y_origen_nacional":2245989.3409000002}},{"type":"Feature","id":78,"geometry":{"type":"Point","coordinates":[4715804.931400001,2246366.2457999997]},"properties":{"OBJECTID":78,"id_cruce":99,"id_controlador":22,"direccion":"CR 43 A  CL 23","ubicacion":null,"cod_barrio":"1404","link_foto":null,"cod_smf_cl_cont":null,"x_origen_nacional":4715804.9314000001,"y_origen_nacional":2246366.2458000001}},{"type":"Feature","id":79,"geometry":{"type":"Point","coordinates":[4715815.4420000007,2246540.9963000026]},"properties":{"OBJECTID":79,"id_cruce":100,"id_controlador":22,"direccion":"CR 43 A  CL 25","ubicacion":null,"cod_barrio":"1404","link_foto":null,"cod_smf_cl_cont":null,"x_origen_nacional":4715815.4419999998,"y_origen_nacional":2246540.9963000002}},{"type":"Feature","id":80,"geometry":{"type":"Point","coordinates":[4715421.4007000001,2243883.3981999997]},"properties":{"OBJECTID":80,"id_cruce":101,"id_controlador":8,"direccion":"CR 43 A  CL 3 S","ubicacion":null,"cod_barrio":"1416","link_foto":null,"cod_smf_cl_cont":null,"x_origen_nacional":4715421.4007000001,"y_origen_nacional":2243883.3982000002}},{"type":"Feature","id":81,"geometry":{"type":"Point","coordinates":[4715724.3759000003,2247227.8552999999]},"properties":{"OBJECTID":81,"id_cruce":102,"id_controlador":303,"direccion":"CR 43 A  CL 31","ubicacion":null,"cod_barrio":"1012","link_foto":null,"cod_smf_cl_cont":null,"x_origen_nacional":4715724.3759000003,"y_origen_nacional":2247227.8552999999}},{"type":"Feature","id":82,"geometry":{"type":"Point","coordinates":[4715672.3929000013,2247831.7301000003]},"properties":{"OBJECTID":82,"id_cruce":146,"id_controlador":269,"direccion":"CR 45  CL 36","ubicacion":null,"cod_barrio":"1012","link_foto":null,"cod_smf_cl_cont":null,"x_origen_nacional":4715672.3929000003,"y_origen_nacional":2247831.7300999998}},{"type":"Feature","id":83,"geometry":{"type":"Point","coordinates":[4715724.3767999997,2247851.7583000008]},"properties":{"OBJECTID":83,"id_cruce":104,"id_controlador":269,"direccion":"CR 43 A  CL 36-37","ubicacion":"Glorieta San Diego","cod_barrio":"1020","link_foto":null,"cod_smf_cl_cont":null,"x_origen_nacional":4715724.3767999997,"y_origen_nacional":2247851.7582999999}},{"type":"Feature","id":84,"geometry":{"type":"Point","coordinates":[4715364.9390000002,2243799.2322000004]},"properties":{"OBJECTID":84,"id_cruce":105,"id_controlador":8,"direccion":"CR 43 A  CL 4 S","ubicacion":null,"cod_barrio":"1416","link_foto":null,"cod_smf_cl_cont":null,"x_origen_nacional":4715364.9390000002,"y_origen_nacional":2243799.2322}},{"type":"Feature","id":85,"geometry":{"type":"Point","coordinates":[4715534.155100001,2244448.8802000023]},"properties":{"OBJECTID":85,"id_cruce":106,"id_controlador":6,"direccion":"CR 43 A  CL 5 A Norte","ubicacion":null,"cod_barrio":"1421","link_foto":null,"cod_smf_cl_cont":null,"x_origen_nacional":4715534.1551000001,"y_origen_nacional":2244448.8802}},{"type":"Feature","id":86,"geometry":{"type":"Point","coordinates":[4715339.3278000001,2243758.7432000004]},"properties":{"OBJECTID":86,"id_cruce":107,"id_controlador":8,"direccion":"CR 43 A  CL 5 S","ubicacion":null,"cod_barrio":"1415","link_foto":null,"cod_smf_cl_cont":null,"x_origen_nacional":4715339.3278000001,"y_origen_nacional":2243758.7431999999}},{"type":"Feature","id":87,"geometry":{"type":"Point","coordinates":[4715621.2860000003,2244856.9710000046]},"properties":{"OBJECTID":87,"id_cruce":108,"id_controlador":5,"direccion":"CR 43 A  CL 9","ubicacion":null,"cod_barrio":"1420","link_foto":null,"cod_smf_cl_cont":null,"x_origen_nacional":4715621.2860000003,"y_origen_nacional":2244856.9709999999}},{"type":"Feature","id":88,"geometry":{"type":"Point","coordinates":[4715159.4701000005,2243362.5755000003]},"properties":{"OBJECTID":88,"id_cruce":109,"id_controlador":1,"direccion":"CR 43 A  CL 9 S","ubicacion":null,"cod_barrio":"1422","link_foto":null,"cod_smf_cl_cont":null,"x_origen_nacional":4715159.4700999996,"y_origen_nacional":2243362.5754999998}},{"type":"Feature","id":89,"geometry":{"type":"Point","coordinates":[4715588.050900002,2244977.627100002]},"properties":{"OBJECTID":89,"id_cruce":110,"id_controlador":18,"direccion":"CR 43 B  CL 10","ubicacion":null,"cod_barrio":"1419","link_foto":null,"cod_smf_cl_cont":null,"x_origen_nacional":4715588.0509000001,"y_origen_nacional":2244977.6271000002}},{"type":"Feature","id":90,"geometry":{"type":"Point","coordinates":[4715474.0148999998,2245134.8753000014]},"properties":{"OBJECTID":90,"id_cruce":118,"id_controlador":16,"direccion":"CR 43 D  CL 11","ubicacion":null,"cod_barrio":"1419","link_foto":null,"cod_smf_cl_cont":null,"x_origen_nacional":4715474.0148999998,"y_origen_nacional":2245134.8753}},{"type":"Feature","id":91,"geometry":{"type":"Point","coordinates":[4715275.1257999996,2245202.2913000006]},"properties":{"OBJECTID":91,"id_cruce":120,"id_controlador":17,"direccion":"CR 43 F  CL 11","ubicacion":null,"cod_barrio":"1419","link_foto":null,"cod_smf_cl_cont":null,"x_origen_nacional":4715275.1257999996,"y_origen_nacional":2245202.2913000002}},{"type":"Feature","id":92,"geometry":{"type":"Point","coordinates":[4715180.7223000005,2245161.0247000009]},"properties":{"OBJECTID":92,"id_cruce":119,"id_controlador":17,"direccion":"CR 43 F  CL 10","ubicacion":null,"cod_barrio":"1420","link_foto":null,"cod_smf_cl_cont":null,"x_origen_nacional":4715180.7222999996,"y_origen_nacional":2245161.0247}},{"type":"Feature","id":93,"geometry":{"type":"Point","coordinates":[4715635.1612000009,2246927.1093000006]},"properties":{"OBJECTID":93,"id_cruce":121,"id_controlador":276,"direccion":"CR 43 G  CL 29","ubicacion":null,"cod_barrio":"1401","link_foto":null,"cod_smf_cl_cont":null,"x_origen_nacional":4715635.1612,"y_origen_nacional":2246927.1093000001}},{"type":"Feature","id":94,"geometry":{"type":"Point","coordinates":[4716259.5437000003,2248492.9785999991]},"properties":{"OBJECTID":94,"id_cruce":122,"id_controlador":375,"direccion":"CR 43  CL 44","ubicacion":null,"cod_barrio":"1014","link_foto":null,"cod_smf_cl_cont":null,"x_origen_nacional":4716259.5437000003,"y_origen_nacional":2248492.9786}},{"type":"Feature","id":95,"geometry":{"type":"Point","coordinates":[4716313.1600000011,2248602.2913000006]},"properties":{"OBJECTID":95,"id_cruce":123,"id_controlador":371,"direccion":"CR 43  CL 46","ubicacion":null,"cod_barrio":"1013","link_foto":null,"cod_smf_cl_cont":null,"x_origen_nacional":4716313.1600000001,"y_origen_nacional":2248602.2913000002}},{"type":"Feature","id":96,"geometry":{"type":"Point","coordinates":[4716498.7094000019,2249260.9229000006]},"properties":{"OBJECTID":96,"id_cruce":154,"id_controlador":362,"direccion":"CR 45  CL 53","ubicacion":null,"cod_barrio":"1019","link_foto":null,"cod_smf_cl_cont":null,"x_origen_nacional":4716498.7094000001,"y_origen_nacional":2249260.9229000001}},{"type":"Feature","id":97,"geometry":{"type":"Point","coordinates":[4716574.9966000002,2249365.2401999999]},"properties":{"OBJECTID":97,"id_cruce":155,"id_controlador":362,"direccion":"CR 45  CL 54","ubicacion":null,"cod_barrio":"1019","link_foto":null,"cod_smf_cl_cont":null,"x_origen_nacional":4716574.9966000002,"y_origen_nacional":2249365.2401999999}},{"type":"Feature","id":98,"geometry":{"type":"Point","coordinates":[4716628.1893000016,2249438.9740000013]},"properties":{"OBJECTID":98,"id_cruce":156,"id_controlador":236,"direccion":"CR 45  CL 55","ubicacion":null,"cod_barrio":"1018","link_foto":null,"cod_smf_cl_cont":null,"x_origen_nacional":4716628.1892999997,"y_origen_nacional":2249438.9739999999}},{"type":"Feature","id":99,"geometry":{"type":"Point","coordinates":[4716678.5038000001,2249509.3408000041]},"properties":{"OBJECTID":99,"id_cruce":157,"id_controlador":236,"direccion":"CR 45  CL 56","ubicacion":null,"cod_barrio":"1018","link_foto":null,"cod_smf_cl_cont":null,"x_origen_nacional":4716678.5038000001,"y_origen_nacional":2249509.3407999999}},{"type":"Feature","id":100,"geometry":{"type":"Point","coordinates":[4716725.7846000008,2249577.4930000026]},"properties":{"OBJECTID":100,"id_cruce":158,"id_controlador":363,"direccion":"CR 45  CL 57","ubicacion":null,"cod_barrio":"1018","link_foto":null,"cod_smf_cl_cont":null,"x_origen_nacional":4716725.7845999999,"y_origen_nacional":2249577.4929999998}},{"type":"Feature","id":101,"geometry":{"type":"Point","coordinates":[4716783.9241000013,2249660.2388000041]},"properties":{"OBJECTID":101,"id_cruce":159,"id_controlador":234,"direccion":"CR 45  CL 58","ubicacion":null,"cod_barrio":"1018","link_foto":null,"cod_smf_cl_cont":null,"x_origen_nacional":4716783.9241000004,"y_origen_nacional":2249660.2387999999}},{"type":"Feature","id":102,"geometry":{"type":"Point","coordinates":[4717250.5662000012,2250562.1193000022]},"properties":{"OBJECTID":102,"id_cruce":160,"id_controlador":197,"direccion":"CR 45  CL 65 G","ubicacion":null,"cod_barrio":"1001","link_foto":null,"cod_smf_cl_cont":null,"x_origen_nacional":4717250.5662000002,"y_origen_nacional":2250562.1192999999}},{"type":"Feature","id":103,"geometry":{"type":"Point","coordinates":[4717357.0767000001,2250886.1685000025]},"properties":{"OBJECTID":103,"id_cruce":162,"id_controlador":200,"direccion":"CR 45  CL 69","ubicacion":null,"cod_barrio":"0307","link_foto":null,"cod_smf_cl_cont":null,"x_origen_nacional":4717357.0767000001,"y_origen_nacional":2250886.1685000001}},{"type":"Feature","id":104,"geometry":{"type":"Point","coordinates":[4717386.9622,2251155.340400001]},"properties":{"OBJECTID":104,"id_cruce":163,"id_controlador":201,"direccion":"CR 45  CL 71 A","ubicacion":null,"cod_barrio":"0409","link_foto":null,"cod_smf_cl_cont":null,"x_origen_nacional":4717386.9622,"y_origen_nacional":2251155.3404000001}},{"type":"Feature","id":105,"geometry":{"type":"Point","coordinates":[4717406.2544999998,2251322.848500004]},"properties":{"OBJECTID":105,"id_cruce":164,"id_controlador":202,"direccion":"CR 45  CL 73","ubicacion":null,"cod_barrio":"0409","link_foto":null,"cod_smf_cl_cont":null,"x_origen_nacional":4717406.2544999998,"y_origen_nacional":2251322.8484999998}},{"type":"Feature","id":106,"geometry":{"type":"Point","coordinates":[4717463.1166000003,2251633.6844000015]},"properties":{"OBJECTID":106,"id_cruce":165,"id_controlador":203,"direccion":"CR 45  CL 78","ubicacion":null,"cod_barrio":"0410","link_foto":null,"cod_smf_cl_cont":null,"x_origen_nacional":4717463.1166000003,"y_origen_nacional":2251633.6844000001}},{"type":"Feature","id":107,"geometry":{"type":"Point","coordinates":[4717500.9728000015,2251820.5662999991]},"properties":{"OBJECTID":107,"id_cruce":166,"id_controlador":204,"direccion":"CR 45  CL 80","ubicacion":null,"cod_barrio":"0303","link_foto":null,"cod_smf_cl_cont":null,"x_origen_nacional":4717500.9727999996,"y_origen_nacional":2251820.5663000001}},{"type":"Feature","id":108,"geometry":{"type":"Point","coordinates":[4717569.7594999997,2252198.7127000019]},"properties":{"OBJECTID":108,"id_cruce":167,"id_controlador":205,"direccion":"CR 45  CL 84","ubicacion":null,"cod_barrio":"0410","link_foto":null,"cod_smf_cl_cont":null,"x_origen_nacional":4717569.7594999997,"y_origen_nacional":2252198.7127}},{"type":"Feature","id":109,"geometry":{"type":"Point","coordinates":[4717624.2027000021,2252481.1794999987]},"properties":{"OBJECTID":109,"id_cruce":168,"id_controlador":206,"direccion":"CR 45  CL 86","ubicacion":null,"cod_barrio":"0302","link_foto":null,"cod_smf_cl_cont":null,"x_origen_nacional":4717624.2027000003,"y_origen_nacional":2252481.1795000001}},{"type":"Feature","id":110,"geometry":{"type":"Point","coordinates":[4715680.0840000017,2248019.9109000042]},"properties":{"OBJECTID":110,"id_cruce":171,"id_controlador":263,"direccion":"CR 46  CL 38","ubicacion":null,"cod_barrio":"1013","link_foto":null,"cod_smf_cl_cont":null,"x_origen_nacional":4715680.0839999998,"y_origen_nacional":2248019.9109}},{"type":"Feature","id":111,"geometry":{"type":"Point","coordinates":[4715763.9216999998,2248319.7767000012]},"properties":{"OBJECTID":111,"id_cruce":172,"id_controlador":259,"direccion":"CR 46  CL 41","ubicacion":null,"cod_barrio":"1013","link_foto":null,"cod_smf_cl_cont":null,"x_origen_nacional":4715763.9216999998,"y_origen_nacional":2248319.7766999998}},{"type":"Feature","id":112,"geometry":{"type":"Point","coordinates":[4716020.1650000019,2248805.405600002]},"properties":{"OBJECTID":112,"id_cruce":173,"id_controlador":240,"direccion":"CR 46  CL 46","ubicacion":"Peat San Antonio","cod_barrio":"1013","link_foto":null,"cod_smf_cl_cont":null,"x_origen_nacional":4716020.165,"y_origen_nacional":2248805.4056000002}},{"type":"Feature","id":113,"geometry":{"type":"Point","coordinates":[4716079.1465000017,2248882.1819000039]},"properties":{"OBJECTID":113,"id_cruce":174,"id_controlador":240,"direccion":"CR 46  CL 47","ubicacion":null,"cod_barrio":"1013","link_foto":null,"cod_smf_cl_cont":null,"x_origen_nacional":4716079.1464999998,"y_origen_nacional":2248882.1819000002}},{"type":"Feature","id":114,"geometry":{"type":"Point","coordinates":[4716124.7599999998,2248943.9308000021]},"properties":{"OBJECTID":114,"id_cruce":175,"id_controlador":241,"direccion":"CR 46  CL 48","ubicacion":null,"cod_barrio":"1013","link_foto":null,"cod_smf_cl_cont":null,"x_origen_nacional":4716124.7599999998,"y_origen_nacional":2248943.9308000002}},{"type":"Feature","id":115,"geometry":{"type":"Point","coordinates":[4716191.737900001,2249031.4475000035]},"properties":{"OBJECTID":115,"id_cruce":176,"id_controlador":239,"direccion":"CR 46  CL 49","ubicacion":null,"cod_barrio":"1019","link_foto":null,"cod_smf_cl_cont":null,"x_origen_nacional":4716191.7379000001,"y_origen_nacional":2249031.4474999998}},{"type":"Feature","id":116,"geometry":{"type":"Point","coordinates":[4716260.8223000001,2249122.8514000028]},"properties":{"OBJECTID":116,"id_cruce":177,"id_controlador":239,"direccion":"CR 46  CL 50","ubicacion":null,"cod_barrio":"1019","link_foto":null,"cod_smf_cl_cont":null,"x_origen_nacional":4716260.8223000001,"y_origen_nacional":2249122.8514}},{"type":"Feature","id":117,"geometry":{"type":"Point","coordinates":[4716313.4823000003,2249207.7430000026]},"properties":{"OBJECTID":117,"id_cruce":178,"id_controlador":230,"direccion":"CR 46  CL 52","ubicacion":null,"cod_barrio":"1019","link_foto":null,"cod_smf_cl_cont":null,"x_origen_nacional":4716313.4823000003,"y_origen_nacional":2249207.7429999998}},{"type":"Feature","id":118,"geometry":{"type":"Point","coordinates":[4716396.3640999999,2249362.5025999993]},"properties":{"OBJECTID":118,"id_cruce":179,"id_controlador":231,"direccion":"CR 46  CL 53","ubicacion":null,"cod_barrio":"1019","link_foto":null,"cod_smf_cl_cont":null,"x_origen_nacional":4716396.3640999999,"y_origen_nacional":2249362.5025999998}},{"type":"Feature","id":119,"geometry":{"type":"Point","coordinates":[4716450.912800001,2249448.8760000002]},"properties":{"OBJECTID":119,"id_cruce":180,"id_controlador":232,"direccion":"CR 46  CL 54","ubicacion":null,"cod_barrio":"1019","link_foto":null,"cod_smf_cl_cont":null,"x_origen_nacional":4716450.9128,"y_origen_nacional":2249448.8760000002}},{"type":"Feature","id":120,"geometry":{"type":"Point","coordinates":[4716540.7739000013,2249599.6512000039]},"properties":{"OBJECTID":120,"id_cruce":181,"id_controlador":233,"direccion":"CR 46  CL 56","ubicacion":null,"cod_barrio":"1018","link_foto":null,"cod_smf_cl_cont":null,"x_origen_nacional":4716540.7739000004,"y_origen_nacional":2249599.6512000002}},{"type":"Feature","id":121,"geometry":{"type":"Point","coordinates":[4716581.9080000008,2249672.0556000005]},"properties":{"OBJECTID":121,"id_cruce":182,"id_controlador":233,"direccion":"CR 46  CL 57","ubicacion":null,"cod_barrio":"1018","link_foto":null,"cod_smf_cl_cont":null,"x_origen_nacional":4716581.9079999998,"y_origen_nacional":2249672.0556000001}},{"type":"Feature","id":122,"geometry":{"type":"Point","coordinates":[4716359.6496000011,2248685.8731999993]},"properties":{"OBJECTID":122,"id_cruce":124,"id_controlador":371,"direccion":"CR 43  CL 47","ubicacion":null,"cod_barrio":"1013","link_foto":null,"cod_smf_cl_cont":null,"x_origen_nacional":4716359.6496000001,"y_origen_nacional":2248685.8731999998}},{"type":"Feature","id":123,"geometry":{"type":"Point","coordinates":[4716419.9450000012,2248795.6183000021]},"properties":{"OBJECTID":123,"id_cruce":125,"id_controlador":370,"direccion":"CR 43  CL 48","ubicacion":null,"cod_barrio":"1019","link_foto":null,"cod_smf_cl_cont":null,"x_origen_nacional":4716419.9450000003,"y_origen_nacional":2248795.6183000002}},{"type":"Feature","id":124,"geometry":{"type":"Point","coordinates":[4716465.2703,2248885.7125000004]},"properties":{"OBJECTID":124,"id_cruce":126,"id_controlador":443,"direccion":"CR 43  CL 49","ubicacion":null,"cod_barrio":"1019","link_foto":null,"cod_smf_cl_cont":null,"x_origen_nacional":4716465.2703,"y_origen_nacional":2248885.7124999999}},{"type":"Feature","id":125,"geometry":{"type":"Point","coordinates":[4716521.9839000013,2249000.8899000008]},"properties":{"OBJECTID":125,"id_cruce":127,"id_controlador":368,"direccion":"CR 43  CL 50","ubicacion":null,"cod_barrio":"1019","link_foto":null,"cod_smf_cl_cont":null,"x_origen_nacional":4716521.9839000003,"y_origen_nacional":2249000.8898999998}},{"type":"Feature","id":126,"geometry":{"type":"Point","coordinates":[4716571.9585999986,2249112.5557000004]},"properties":{"OBJECTID":126,"id_cruce":128,"id_controlador":365,"direccion":"CR 43  CL 52","ubicacion":null,"cod_barrio":"1019","link_foto":null,"cod_smf_cl_cont":null,"x_origen_nacional":4716571.9585999995,"y_origen_nacional":2249112.5556999999}},{"type":"Feature","id":127,"geometry":{"type":"Point","coordinates":[4716609.6070000008,2249209.8414999992]},"properties":{"OBJECTID":127,"id_cruce":129,"id_controlador":366,"direccion":"CR 43  CL 53","ubicacion":null,"cod_barrio":"1016","link_foto":null,"cod_smf_cl_cont":null,"x_origen_nacional":4716609.6069999998,"y_origen_nacional":2249209.8415000001}},{"type":"Feature","id":128,"geometry":{"type":"Point","coordinates":[4716677.7119000023,2249301.7471999992]},"properties":{"OBJECTID":128,"id_cruce":130,"id_controlador":366,"direccion":"CR 43  CL 54","ubicacion":null,"cod_barrio":"1019","link_foto":null,"cod_smf_cl_cont":null,"x_origen_nacional":4716677.7119000005,"y_origen_nacional":2249301.7472000001}},{"type":"Feature","id":129,"geometry":{"type":"Point","coordinates":[4716720.1347000003,2249382.4167999998]},"properties":{"OBJECTID":129,"id_cruce":131,"id_controlador":237,"direccion":"CR 43  CL 55","ubicacion":null,"cod_barrio":"1018","link_foto":null,"cod_smf_cl_cont":null,"x_origen_nacional":4716720.1347000003,"y_origen_nacional":2249382.4167999998}},{"type":"Feature","id":130,"geometry":{"type":"Point","coordinates":[4716757.8783999998,2249459.1428000014]},"properties":{"OBJECTID":130,"id_cruce":132,"id_controlador":237,"direccion":"CR 43  CL 56","ubicacion":null,"cod_barrio":"1018","link_foto":null,"cod_smf_cl_cont":null,"x_origen_nacional":4716757.8783999998,"y_origen_nacional":2249459.1428}},{"type":"Feature","id":131,"geometry":{"type":"Point","coordinates":[4716797.7052000007,2249526.6018000003]},"properties":{"OBJECTID":131,"id_cruce":133,"id_controlador":363,"direccion":"CR 43  CL 57","ubicacion":null,"cod_barrio":"1016","link_foto":null,"cod_smf_cl_cont":null,"x_origen_nacional":4716797.7051999997,"y_origen_nacional":2249526.6017999998}},{"type":"Feature","id":132,"geometry":{"type":"Point","coordinates":[4716850.3793000001,2249598.5441999994]},"properties":{"OBJECTID":132,"id_cruce":134,"id_controlador":234,"direccion":"CR 43  CL 58","ubicacion":null,"cod_barrio":"1017","link_foto":null,"cod_smf_cl_cont":null,"x_origen_nacional":4716850.3793000001,"y_origen_nacional":2249598.5441999999}},{"type":"Feature","id":133,"geometry":{"type":"Point","coordinates":[4715565.2893000003,2246988.4125999995]},"properties":{"OBJECTID":133,"id_cruce":135,"id_controlador":485,"direccion":"CR 44  CL 29","ubicacion":null,"cod_barrio":"1012","link_foto":null,"cod_smf_cl_cont":null,"x_origen_nacional":4715565.2893000003,"y_origen_nacional":2246988.4125999999}},{"type":"Feature","id":134,"geometry":{"type":"Point","coordinates":[4716091.6347000012,2248554.6336000022]},"properties":{"OBJECTID":134,"id_cruce":136,"id_controlador":375,"direccion":"CR 44  CL 44","ubicacion":null,"cod_barrio":"1014","link_foto":null,"cod_smf_cl_cont":null,"x_origen_nacional":4716091.6347000003,"y_origen_nacional":2248554.6335999998}},{"type":"Feature","id":135,"geometry":{"type":"Point","coordinates":[4716161.5553000011,2248697.4130000044]},"properties":{"OBJECTID":135,"id_cruce":137,"id_controlador":374,"direccion":"CR 44  CL 46","ubicacion":null,"cod_barrio":"1013","link_foto":null,"cod_smf_cl_cont":null,"x_origen_nacional":4716161.5553000001,"y_origen_nacional":2248697.4130000002}},{"type":"Feature","id":136,"geometry":{"type":"Point","coordinates":[4717494.0110000009,2250873.0716999993]},"properties":{"OBJECTID":136,"id_cruce":138,"id_controlador":200,"direccion":"CR 44  CL 69","ubicacion":null,"cod_barrio":"0307","link_foto":null,"cod_smf_cl_cont":null,"x_origen_nacional":4717494.0109999999,"y_origen_nacional":2250873.0717000002}},{"type":"Feature","id":137,"geometry":{"type":"Point","coordinates":[4717518.3734000009,2251091.6547999997]},"properties":{"OBJECTID":137,"id_cruce":139,"id_controlador":201,"direccion":"CR 44  CL 71","ubicacion":null,"cod_barrio":"0307","link_foto":null,"cod_smf_cl_cont":null,"x_origen_nacional":4717518.3733999999,"y_origen_nacional":2251091.6548000001}},{"type":"Feature","id":138,"geometry":{"type":"Point","coordinates":[4717539.2051000008,2251318.7829999998]},"properties":{"OBJECTID":138,"id_cruce":140,"id_controlador":202,"direccion":"CR 44  CL 74","ubicacion":null,"cod_barrio":"0306","link_foto":null,"cod_smf_cl_cont":null,"x_origen_nacional":4717539.2050999999,"y_origen_nacional":2251318.7829999998}},{"type":"Feature","id":139,"geometry":{"type":"Point","coordinates":[4717580.1101000011,2251610.0723000001]},"properties":{"OBJECTID":139,"id_cruce":141,"id_controlador":203,"direccion":"CR 44  CL 78","ubicacion":null,"cod_barrio":"0303","link_foto":null,"cod_smf_cl_cont":null,"x_origen_nacional":4717580.1101000002,"y_origen_nacional":2251610.0723000001}},{"type":"Feature","id":140,"geometry":{"type":"Point","coordinates":[4717613.5405000001,2251799.2243000027]},"properties":{"OBJECTID":140,"id_cruce":142,"id_controlador":204,"direccion":"CR 44  CL 80","ubicacion":null,"cod_barrio":"0303","link_foto":null,"cod_smf_cl_cont":null,"x_origen_nacional":4717613.5405000001,"y_origen_nacional":2251799.2242999999}},{"type":"Feature","id":141,"geometry":{"type":"Point","coordinates":[4717685.0577000007,2252179.6937000006]},"properties":{"OBJECTID":141,"id_cruce":143,"id_controlador":205,"direccion":"CR 44  CL 84","ubicacion":null,"cod_barrio":"0303","link_foto":null,"cod_smf_cl_cont":null,"x_origen_nacional":4717685.0576999998,"y_origen_nacional":2252179.6937000002}},{"type":"Feature","id":142,"geometry":{"type":"Point","coordinates":[4715850.3295999998,2248279.6452000011]},"properties":{"OBJECTID":142,"id_cruce":147,"id_controlador":259,"direccion":"CR 45  CL 41","ubicacion":null,"cod_barrio":"1013","link_foto":null,"cod_smf_cl_cont":null,"x_origen_nacional":4715850.3295999998,"y_origen_nacional":2248279.6452000001}},{"type":"Feature","id":143,"geometry":{"type":"Point","coordinates":[4715979.9155000011,2248584.0587000009]},"properties":{"OBJECTID":143,"id_cruce":148,"id_controlador":375,"direccion":"CR 45  CL 44","ubicacion":null,"cod_barrio":"1013","link_foto":null,"cod_smf_cl_cont":null,"x_origen_nacional":4715979.9155000001,"y_origen_nacional":2248584.0586999999}},{"type":"Feature","id":144,"geometry":{"type":"Point","coordinates":[4716130.9706000006,2248732.9871999994]},"properties":{"OBJECTID":144,"id_cruce":149,"id_controlador":374,"direccion":"CR 45  CL 46","ubicacion":null,"cod_barrio":"1013","link_foto":null,"cod_smf_cl_cont":null,"x_origen_nacional":4716130.9705999997,"y_origen_nacional":2248732.9871999999}},{"type":"Feature","id":145,"geometry":{"type":"Point","coordinates":[4716179.8380000014,2248811.2954999991]},"properties":{"OBJECTID":145,"id_cruce":150,"id_controlador":373,"direccion":"CR 45  CL 47","ubicacion":null,"cod_barrio":"1013","link_foto":null,"cod_smf_cl_cont":null,"x_origen_nacional":4716179.8380000005,"y_origen_nacional":2248811.2955}},{"type":"Feature","id":146,"geometry":{"type":"Point","coordinates":[4716234.1178000001,2248884.4403000046]},"properties":{"OBJECTID":146,"id_cruce":151,"id_controlador":242,"direccion":"CR 45  CL 48","ubicacion":null,"cod_barrio":"1019","link_foto":null,"cod_smf_cl_cont":null,"x_origen_nacional":4716234.1178000001,"y_origen_nacional":2248884.4402999999}},{"type":"Feature","id":147,"geometry":{"type":"Point","coordinates":[4716297.8857000014,2248969.5592999998]},"properties":{"OBJECTID":147,"id_cruce":152,"id_controlador":369,"direccion":"CR 45  CL 49","ubicacion":null,"cod_barrio":"1019","link_foto":null,"cod_smf_cl_cont":null,"x_origen_nacional":4716297.8857000005,"y_origen_nacional":2248969.5592999998}},{"type":"Feature","id":148,"geometry":{"type":"Point","coordinates":[4716435.9560000002,2249163.8251000009]},"properties":{"OBJECTID":148,"id_cruce":153,"id_controlador":364,"direccion":"CR 45  CL 52","ubicacion":null,"cod_barrio":"1019","link_foto":null,"cod_smf_cl_cont":null,"x_origen_nacional":4716435.9560000002,"y_origen_nacional":2249163.8251}},{"type":"Feature","id":149,"geometry":{"type":"Point","coordinates":[4715438.1886000019,2248789.6445000023]},"properties":{"OBJECTID":149,"id_cruce":343,"id_controlador":256,"direccion":"CR 53  CL 44","ubicacion":"Peatonal Alpujarra","cod_barrio":"Inst_17","link_foto":null,"cod_smf_cl_cont":null,"x_origen_nacional":4715438.1886,"y_origen_nacional":2248789.6444999999}},{"type":"Feature","id":150,"geometry":{"type":"Point","coordinates":[4713194.9580000006,2251897.6718999986]},"properties":{"OBJECTID":150,"id_cruce":14,"id_controlador":171,"direccion":"AV 80  CL 65","ubicacion":"Colpisos","cod_barrio":"0703","link_foto":null,"cod_smf_cl_cont":null,"x_origen_nacional":4713194.9579999996,"y_origen_nacional":2251897.6719}},{"type":"Feature","id":151,"geometry":{"type":"Point","coordinates":[4713583.1677999999,2244590.7720000017]},"properties":{"OBJECTID":151,"id_cruce":15,"id_controlador":24,"direccion":"AV 80  CR 65","ubicacion":"Campos de paz","cod_barrio":"1509","link_foto":null,"cod_smf_cl_cont":null,"x_origen_nacional":4713583.1677999999,"y_origen_nacional":2244590.7719999999}},{"type":"Feature","id":152,"geometry":{"type":"Point","coordinates":[4713390.2156000007,2244687.0482000001]},"properties":{"OBJECTID":152,"id_cruce":16,"id_controlador":24,"direccion":"AV 80  CR 67","ubicacion":"Peatonal el Rodeo","cod_barrio":"Inst_20","link_foto":null,"cod_smf_cl_cont":null,"x_origen_nacional":4713390.2155999998,"y_origen_nacional":2244687.0482000001}},{"type":"Feature","id":153,"geometry":{"type":"Point","coordinates":[4712949.8101000004,2244986.0855000019]},"properties":{"OBJECTID":153,"id_cruce":17,"id_controlador":23,"direccion":"AV 80  CR 70","ubicacion":"NORTE  iss","cod_barrio":"1607","link_foto":null,"cod_smf_cl_cont":null,"x_origen_nacional":4712949.8101000004,"y_origen_nacional":2244986.0855}},{"type":"Feature","id":154,"geometry":{"type":"Point","coordinates":[4712978.5749999993,2244931.4014000017]},"properties":{"OBJECTID":154,"id_cruce":18,"id_controlador":23,"direccion":"AV 80  CR 70","ubicacion":"SUR  iss","cod_barrio":"1607","link_foto":null,"cod_smf_cl_cont":null,"x_origen_nacional":4712978.5750000002,"y_origen_nacional":2244931.4013999999}},{"type":"Feature","id":155,"geometry":{"type":"Point","coordinates":[4713937.5866,2248561.2243000008]},"properties":{"OBJECTID":155,"id_cruce":23,"id_controlador":161,"direccion":"CR 66 B  CQ 1","ubicacion":"AV BOLIVARIANA x CQ 1","cod_barrio":"Inst_15","link_foto":null,"cod_smf_cl_cont":null,"x_origen_nacional":4713937.5866,"y_origen_nacional":2248561.2242999999}},{"type":"Feature","id":156,"geometry":{"type":"Point","coordinates":[4713080.5106000006,2248914.8844000027]},"properties":{"OBJECTID":156,"id_cruce":24,"id_controlador":135,"direccion":"CQ 74B  CR 74","ubicacion":"AV JARDIN x CR 74","cod_barrio":"1108","link_foto":null,"cod_smf_cl_cont":null,"x_origen_nacional":4713080.5105999997,"y_origen_nacional":2248914.8843999999}},{"type":"Feature","id":157,"geometry":{"type":"Point","coordinates":[4712852.2327000005,2248869.0674000029]},"properties":{"OBJECTID":157,"id_cruce":25,"id_controlador":134,"direccion":"TV 39B  CQ 74B","ubicacion":"AV NUTIBARA x AV JARDIN","cod_barrio":"1108","link_foto":null,"cod_smf_cl_cont":null,"x_origen_nacional":4712852.2326999996,"y_origen_nacional":2248869.0674000001}},{"type":"Feature","id":158,"geometry":{"type":"Point","coordinates":[4713223.2040000008,2248463.1854999997]},"properties":{"OBJECTID":158,"id_cruce":26,"id_controlador":136,"direccion":"TV 39B  CQ 2","ubicacion":"AV NUTIBARA x CQ 2","cod_barrio":"1107","link_foto":null,"cod_smf_cl_cont":null,"x_origen_nacional":4713223.2039999999,"y_origen_nacional":2248463.1855000001}},{"type":"Feature","id":159,"geometry":{"type":"Point","coordinates":[4713102.9368000021,2248590.1249000002]},"properties":{"OBJECTID":159,"id_cruce":27,"id_controlador":136,"direccion":"TV 39B  CQ 4","ubicacion":"AV NUTIBARA x CQ 4","cod_barrio":"1107","link_foto":null,"cod_smf_cl_cont":null,"x_origen_nacional":4713102.9368000003,"y_origen_nacional":2248590.1249000002}},{"type":"Feature","id":160,"geometry":{"type":"Point","coordinates":[4715190.5757000009,2251042.4648000021]},"properties":{"OBJECTID":160,"id_cruce":34,"id_controlador":307,"direccion":"CR 64 C  CL 67","ubicacion":"CARABINEROS  GLORIETA INTERIOR","cod_barrio":"0517","link_foto":null,"cod_smf_cl_cont":null,"x_origen_nacional":4715190.5756999999,"y_origen_nacional":2251042.4648000002}},{"type":"Feature","id":161,"geometry":{"type":"Point","coordinates":[4715026.4472000021,2251146.7277000025]},"properties":{"OBJECTID":161,"id_cruce":36,"id_controlador":307,"direccion":"CR 65  CL 67","ubicacion":"COCA COLA ","cod_barrio":"0517","link_foto":null,"cod_smf_cl_cont":null,"x_origen_nacional":4715026.4472000003,"y_origen_nacional":2251146.7277000002}},{"type":"Feature","id":162,"geometry":{"type":"Point","coordinates":[4712756.4627999999,2245348.4318000004]},"properties":{"OBJECTID":162,"id_cruce":35,"id_controlador":85,"direccion":"AV 80  CL 2 ","ubicacion":"CLINICA LAS AMERICAS PEATONAL","cod_barrio":"1608","link_foto":null,"cod_smf_cl_cont":null,"x_origen_nacional":4712756.4627999999,"y_origen_nacional":2245348.4317999999}},{"type":"Feature","id":163,"geometry":{"type":"Point","coordinates":[4717442.2991000004,2247961.2775999997]},"properties":{"OBJECTID":163,"id_cruce":39,"id_controlador":372,"direccion":"CR 30  CL 45","ubicacion":null,"cod_barrio":"0910","link_foto":null,"cod_smf_cl_cont":null,"x_origen_nacional":4717442.2991000004,"y_origen_nacional":2247961.2776000001}},{"type":"Feature","id":164,"geometry":{"type":"Point","coordinates":[4717617.0927999998,2248287.1272000037]},"properties":{"OBJECTID":164,"id_cruce":40,"id_controlador":252,"direccion":"CR 30  CL 49","ubicacion":null,"cod_barrio":"0907","link_foto":null,"cod_smf_cl_cont":null,"x_origen_nacional":4717617.0927999998,"y_origen_nacional":2248287.1272}},{"type":"Feature","id":165,"geometry":{"type":"Point","coordinates":[4716904.1742000002,2244753.1703999992]},"properties":{"OBJECTID":165,"id_cruce":42,"id_controlador":44,"direccion":"CR 30  CL 10","ubicacion":"TV INF","cod_barrio":"1406","link_foto":null,"cod_smf_cl_cont":null,"x_origen_nacional":4716904.1742000002,"y_origen_nacional":2244753.1704000002}},{"type":"Feature","id":166,"geometry":{"type":"Point","coordinates":[4717469.8904000018,2248368.826700002]},"properties":{"OBJECTID":166,"id_cruce":43,"id_controlador":251,"direccion":"CR 32  CL 49","ubicacion":null,"cod_barrio":"0907","link_foto":null,"cod_smf_cl_cont":null,"x_origen_nacional":4717469.8903999999,"y_origen_nacional":2248368.8267000001}},{"type":"Feature","id":167,"geometry":{"type":"Point","coordinates":[4717562.5394000001,2248520.3016000018]},"properties":{"OBJECTID":167,"id_cruce":45,"id_controlador":253,"direccion":"CR 32  CL 52","ubicacion":null,"cod_barrio":"0906","link_foto":null,"cod_smf_cl_cont":null,"x_origen_nacional":4717562.5394000001,"y_origen_nacional":2248520.3015999999}},{"type":"Feature","id":168,"geometry":{"type":"Point","coordinates":[4717523.9086999996,2248538.062400002]},"properties":{"OBJECTID":168,"id_cruce":44,"id_controlador":253,"direccion":"CR 32  CL 51","ubicacion":null,"cod_barrio":"0906","link_foto":null,"cod_smf_cl_cont":null,"x_origen_nacional":4717523.9086999996,"y_origen_nacional":2248538.0624000002}},{"type":"Feature","id":169,"geometry":{"type":"Point","coordinates":[4716400.802600001,2244729.3839999996]},"properties":{"OBJECTID":169,"id_cruce":41,"id_controlador":13,"direccion":"CR 32 B  CL 10","ubicacion":null,"cod_barrio":"1406","link_foto":null,"cod_smf_cl_cont":null,"x_origen_nacional":4716400.8026000001,"y_origen_nacional":2244729.3840000001}},{"type":"Feature","id":170,"geometry":{"type":"Point","coordinates":[4716131.3220000006,2243902.7049000021]},"properties":{"OBJECTID":170,"id_cruce":46,"id_controlador":46,"direccion":"CR 34  CL 1 S","ubicacion":null,"cod_barrio":"1416","link_foto":null,"cod_smf_cl_cont":null,"x_origen_nacional":4716131.3219999997,"y_origen_nacional":2243902.7048999998}},{"type":"Feature","id":171,"geometry":{"type":"Point","coordinates":[4716251.6687000003,2244711.5967000015]},"properties":{"OBJECTID":171,"id_cruce":47,"id_controlador":21,"direccion":"CR 34  CL 10","ubicacion":null,"cod_barrio":"1418","link_foto":null,"cod_smf_cl_cont":null,"x_origen_nacional":4716251.6687000003,"y_origen_nacional":2244711.5967000001}},{"type":"Feature","id":172,"geometry":{"type":"Point","coordinates":[4716321.9683999997,2245084.4721000046]},"properties":{"OBJECTID":172,"id_cruce":49,"id_controlador":38,"direccion":"CR 34  CL 11 A","ubicacion":null,"cod_barrio":"1406","link_foto":null,"cod_smf_cl_cont":null,"x_origen_nacional":4716321.9683999997,"y_origen_nacional":2245084.4720999999}},{"type":"Feature","id":173,"geometry":{"type":"Point","coordinates":[4716378.1671000011,2245150.6280000024]},"properties":{"OBJECTID":173,"id_cruce":50,"id_controlador":41,"direccion":"CR 34  CL 11 B","ubicacion":null,"cod_barrio":"1406","link_foto":null,"cod_smf_cl_cont":null,"x_origen_nacional":4716378.1671000002,"y_origen_nacional":2245150.628}},{"type":"Feature","id":174,"geometry":{"type":"Point","coordinates":[4716193.2139999997,2244003.2749000024]},"properties":{"OBJECTID":174,"id_cruce":51,"id_controlador":46,"direccion":"CR 34  CL 5","ubicacion":null,"cod_barrio":"1417","link_foto":null,"cod_smf_cl_cont":null,"x_origen_nacional":4716193.2139999997,"y_origen_nacional":2244003.2749000001}},{"type":"Feature","id":175,"geometry":{"type":"Point","coordinates":[4715814.8077000016,2249802.2193999998]},"properties":{"OBJECTID":175,"id_cruce":349,"id_controlador":317,"direccion":"CR 53  CL 54","ubicacion":null,"cod_barrio":"1005","link_foto":null,"cod_smf_cl_cont":null,"x_origen_nacional":4715814.8076999998,"y_origen_nacional":2249802.2193999998}},{"type":"Feature","id":176,"geometry":{"type":"Point","coordinates":[4715854.0447000004,2250017.5124000013]},"properties":{"OBJECTID":176,"id_cruce":350,"id_controlador":357,"direccion":"CR 53  CL 57","ubicacion":null,"cod_barrio":"1005","link_foto":null,"cod_smf_cl_cont":null,"x_origen_nacional":4715854.0447000004,"y_origen_nacional":2250017.5123999999}},{"type":"Feature","id":177,"geometry":{"type":"Point","coordinates":[4715870.7413999997,2250111.2910000011]},"properties":{"OBJECTID":177,"id_cruce":351,"id_controlador":357,"direccion":"CR 53  CL 57 B","ubicacion":null,"cod_barrio":"1005","link_foto":null,"cod_smf_cl_cont":null,"x_origen_nacional":4715870.7413999997,"y_origen_nacional":2250111.2910000002}},{"type":"Feature","id":178,"geometry":{"type":"Point","coordinates":[4715899.1989000011,2250216.5224000011]},"properties":{"OBJECTID":178,"id_cruce":352,"id_controlador":221,"direccion":"CR 53  CL 59","ubicacion":null,"cod_barrio":"1003","link_foto":null,"cod_smf_cl_cont":null,"x_origen_nacional":4715899.1989000002,"y_origen_nacional":2250216.5224000001}},{"type":"Feature","id":179,"geometry":{"type":"Point","coordinates":[4713664.1630999995,2244350.0026000012]},"properties":{"OBJECTID":179,"id_cruce":353,"id_controlador":25,"direccion":"CR 53  CL 6 S","ubicacion":"CC EL RODEO","cod_barrio":"1509","link_foto":null,"cod_smf_cl_cont":null,"x_origen_nacional":4713664.1630999995,"y_origen_nacional":2244350.0025999998}},{"type":"Feature","id":180,"geometry":{"type":"Point","coordinates":[4716082.1227000002,2251215.4452]},"properties":{"OBJECTID":180,"id_cruce":354,"id_controlador":189,"direccion":"CR 53  CL 70","ubicacion":"UdeA","cod_barrio":"Inst_11","link_foto":null,"cod_smf_cl_cont":null,"x_origen_nacional":4716082.1227000002,"y_origen_nacional":2251215.4452}},{"type":"Feature","id":181,"geometry":{"type":"Point","coordinates":[4716144.9881000007,2251451.0225000028]},"properties":{"OBJECTID":181,"id_cruce":355,"id_controlador":190,"direccion":"CR 53  CL 73","ubicacion":null,"cod_barrio":"Inst_11","link_foto":null,"cod_smf_cl_cont":null,"x_origen_nacional":4716144.9880999997,"y_origen_nacional":2251451.0225}},{"type":"Feature","id":182,"geometry":{"type":"Point","coordinates":[4716221.4895000001,2251711.5640000012]},"properties":{"OBJECTID":182,"id_cruce":356,"id_controlador":192,"direccion":"CR 53  CL 77","ubicacion":"PARQUE NORTE","cod_barrio":"Inst_9","link_foto":null,"cod_smf_cl_cont":null,"x_origen_nacional":4716221.4895000001,"y_origen_nacional":2251711.5639999998}},{"type":"Feature","id":183,"geometry":{"type":"Point","coordinates":[4715707.0983999996,2249689.1451999992]},"properties":{"OBJECTID":183,"id_cruce":357,"id_controlador":316,"direccion":"CR 54  CL 53","ubicacion":"AV GREIFF","cod_barrio":"1006","link_foto":null,"cod_smf_cl_cont":null,"x_origen_nacional":4715707.0983999996,"y_origen_nacional":2249689.1452000001}},{"type":"Feature","id":184,"geometry":{"type":"Point","coordinates":[4715483.6128000002,2249224.4300000016]},"properties":{"OBJECTID":184,"id_cruce":359,"id_controlador":325,"direccion":"CR 54  CL 48","ubicacion":null,"cod_barrio":"1007","link_foto":null,"cod_smf_cl_cont":null,"x_origen_nacional":4715483.6128000002,"y_origen_nacional":2249224.4300000002}},{"type":"Feature","id":185,"geometry":{"type":"Point","coordinates":[4715527.3455000008,2249312.6618000008]},"properties":{"OBJECTID":185,"id_cruce":360,"id_controlador":325,"direccion":"CR 54  CL 49","ubicacion":null,"cod_barrio":"1007","link_foto":null,"cod_smf_cl_cont":null,"x_origen_nacional":4715527.3454999998,"y_origen_nacional":2249312.6617999999}},{"type":"Feature","id":186,"geometry":{"type":"Point","coordinates":[4715587.4484000001,2249427.8888000008]},"properties":{"OBJECTID":186,"id_cruce":361,"id_controlador":324,"direccion":"CR 54  CL 50","ubicacion":null,"cod_barrio":"1006","link_foto":null,"cod_smf_cl_cont":null,"x_origen_nacional":4715587.4484000001,"y_origen_nacional":2249427.8887999998}},{"type":"Feature","id":187,"geometry":{"type":"Point","coordinates":[4715623.8850999996,2249499.9112]},"properties":{"OBJECTID":187,"id_cruce":362,"id_controlador":324,"direccion":"CR 54  CL 51","ubicacion":null,"cod_barrio":"1006","link_foto":null,"cod_smf_cl_cont":null,"x_origen_nacional":4715623.8850999996,"y_origen_nacional":2249499.9112}},{"type":"Feature","id":188,"geometry":{"type":"Point","coordinates":[4715660.3836000012,2249584.5681999978]},"properties":{"OBJECTID":188,"id_cruce":363,"id_controlador":318,"direccion":"CR 54  CL 52","ubicacion":null,"cod_barrio":"1006","link_foto":null,"cod_smf_cl_cont":null,"x_origen_nacional":4715660.3836000003,"y_origen_nacional":2249584.5682000001}},{"type":"Feature","id":189,"geometry":{"type":"Point","coordinates":[4715726.4724000013,2249817.0911999978]},"properties":{"OBJECTID":189,"id_cruce":364,"id_controlador":317,"direccion":"CR 54  CL 54","ubicacion":null,"cod_barrio":"1005","link_foto":null,"cod_smf_cl_cont":null,"x_origen_nacional":4715726.4724000003,"y_origen_nacional":2249817.0912000001}},{"type":"Feature","id":190,"geometry":{"type":"Point","coordinates":[4714637.4472000003,2247288.2315000016]},"properties":{"OBJECTID":190,"id_cruce":365,"id_controlador":76,"direccion":"CR 55  CL 30","ubicacion":null,"cod_barrio":"1502","link_foto":null,"cod_smf_cl_cont":null,"x_origen_nacional":4714637.4472000003,"y_origen_nacional":2247288.2315000002}},{"type":"Feature","id":191,"geometry":{"type":"Point","coordinates":[4714665.3267999999,2247429.4843000006]},"properties":{"OBJECTID":191,"id_cruce":366,"id_controlador":122,"direccion":"CR 55  CL 30 A","ubicacion":null,"cod_barrio":"1502","link_foto":null,"cod_smf_cl_cont":null,"x_origen_nacional":4714665.3267999999,"y_origen_nacional":2247429.4843000001}},{"type":"Feature","id":192,"geometry":{"type":"Point","coordinates":[4715347.9891999997,2249161.9168000035]},"properties":{"OBJECTID":192,"id_cruce":367,"id_controlador":278,"direccion":"CR 55  CL 46","ubicacion":null,"cod_barrio":"1007","link_foto":null,"cod_smf_cl_cont":null,"x_origen_nacional":4715347.9891999997,"y_origen_nacional":2249161.9167999998}},{"type":"Feature","id":193,"geometry":{"type":"Point","coordinates":[4715393.5260000005,2249250.1400000006]},"properties":{"OBJECTID":193,"id_cruce":368,"id_controlador":328,"direccion":"CR 55  CL 48","ubicacion":null,"cod_barrio":"1007","link_foto":null,"cod_smf_cl_cont":null,"x_origen_nacional":4715393.5259999996,"y_origen_nacional":2249250.1400000001}},{"type":"Feature","id":194,"geometry":{"type":"Point","coordinates":[4715439.1159000006,2249349.1929000039]},"properties":{"OBJECTID":194,"id_cruce":369,"id_controlador":328,"direccion":"CR 55  CL 49","ubicacion":null,"cod_barrio":"1007","link_foto":null,"cod_smf_cl_cont":null,"x_origen_nacional":4715439.1158999996,"y_origen_nacional":2249349.1929000001}},{"type":"Feature","id":195,"geometry":{"type":"Point","coordinates":[4715506.4620000012,2249469.7995999996]},"properties":{"OBJECTID":195,"id_cruce":370,"id_controlador":326,"direccion":"CR 55  CL 50","ubicacion":null,"cod_barrio":"1006","link_foto":null,"cod_smf_cl_cont":null,"x_origen_nacional":4715506.4620000003,"y_origen_nacional":2249469.7996}},{"type":"Feature","id":196,"geometry":{"type":"Point","coordinates":[4715548.2762000002,2249534.5757000018]},"properties":{"OBJECTID":196,"id_cruce":371,"id_controlador":326,"direccion":"CR 55  CL 51","ubicacion":null,"cod_barrio":"1006","link_foto":null,"cod_smf_cl_cont":null,"x_origen_nacional":4715548.2762000002,"y_origen_nacional":2249534.5756999999}},{"type":"Feature","id":197,"geometry":{"type":"Point","coordinates":[4715594.6875,2249626.3060000017]},"properties":{"OBJECTID":197,"id_cruce":372,"id_controlador":226,"direccion":"CR 55  CL 52 A","ubicacion":null,"cod_barrio":"1006","link_foto":null,"cod_smf_cl_cont":null,"x_origen_nacional":4715594.6875,"y_origen_nacional":2249626.3059999999}},{"type":"Feature","id":198,"geometry":{"type":"Point","coordinates":[4715794.5443000011,2250431.1496000029]},"properties":{"OBJECTID":198,"id_cruce":373,"id_controlador":224,"direccion":"CR 55  CL 61","ubicacion":null,"cod_barrio":"1004","link_foto":null,"cod_smf_cl_cont":null,"x_origen_nacional":4715794.5443000002,"y_origen_nacional":2250431.1496000001}},{"type":"Feature","id":199,"geometry":{"type":"Point","coordinates":[4715858.9039000003,2250549.2612000033]},"properties":{"OBJECTID":199,"id_cruce":374,"id_controlador":224,"direccion":"CR 55  CL 62","ubicacion":null,"cod_barrio":"1004","link_foto":null,"cod_smf_cl_cont":null,"x_origen_nacional":4715858.9039000003,"y_origen_nacional":2250549.2612000001}},{"type":"Feature","id":200,"geometry":{"type":"Point","coordinates":[4715964.0766000012,2250749.8059999999]},"properties":{"OBJECTID":200,"id_cruce":375,"id_controlador":187,"direccion":"CR 55  CL 65","ubicacion":null,"cod_barrio":"1004","link_foto":null,"cod_smf_cl_cont":null,"x_origen_nacional":4715964.0766000003,"y_origen_nacional":2250749.8059999999}},{"type":"Feature","id":201,"geometry":{"type":"Point","coordinates":[4716015.3271000013,2250899.3705000021]},"properties":{"OBJECTID":201,"id_cruce":376,"id_controlador":186,"direccion":"CR 55  CL 67","ubicacion":null,"cod_barrio":"1004","link_foto":null,"cod_smf_cl_cont":null,"x_origen_nacional":4716015.3271000003,"y_origen_nacional":2250899.3705000002}},{"type":"Feature","id":202,"geometry":{"type":"Point","coordinates":[4715407.5042000003,2249526.2383000012]},"properties":{"OBJECTID":202,"id_cruce":378,"id_controlador":327,"direccion":"CR 56  CL 50","ubicacion":"Sta. Ines","cod_barrio":"1006","link_foto":null,"cod_smf_cl_cont":null,"x_origen_nacional":4715407.5042000003,"y_origen_nacional":2249526.2382999999}},{"type":"Feature","id":203,"geometry":{"type":"Point","coordinates":[4715084.5732000005,2248031.6662000008]},"properties":{"OBJECTID":203,"id_cruce":379,"id_controlador":267,"direccion":"CR 57  CL 36","ubicacion":null,"cod_barrio":"1012","link_foto":null,"cod_smf_cl_cont":null,"x_origen_nacional":4715084.5732000005,"y_origen_nacional":2248031.6661999999}},{"type":"Feature","id":204,"geometry":{"type":"Point","coordinates":[4715116.4797,2248089.1226000022]},"properties":{"OBJECTID":204,"id_cruce":380,"id_controlador":267,"direccion":"CR 57  CL 37","ubicacion":null,"cod_barrio":"1012","link_foto":null,"cod_smf_cl_cont":null,"x_origen_nacional":4715116.4797,"y_origen_nacional":2248089.1225999999}},{"type":"Feature","id":205,"geometry":{"type":"Point","coordinates":[4715160.7047000015,2248193.2356000021]},"properties":{"OBJECTID":205,"id_cruce":381,"id_controlador":261,"direccion":"CR 57  CL 38","ubicacion":null,"cod_barrio":"1011","link_foto":null,"cod_smf_cl_cont":null,"x_origen_nacional":4715160.7046999997,"y_origen_nacional":2248193.2355999998}},{"type":"Feature","id":206,"geometry":{"type":"Point","coordinates":[4715164.8749000011,2248843.9750999976]},"properties":{"OBJECTID":206,"id_cruce":385,"id_controlador":257,"direccion":"CR 57  CL 44","ubicacion":"SUR-ORI","cod_barrio":"Inst_17","link_foto":null,"cod_smf_cl_cont":null,"x_origen_nacional":4715164.8749000002,"y_origen_nacional":2248843.9750999999}},{"type":"Feature","id":207,"geometry":{"type":"Point","coordinates":[4715081.8705000002,2248890.9728999976]},"properties":{"OBJECTID":207,"id_cruce":384,"id_controlador":257,"direccion":"CR 57  CL 44","ubicacion":"SUR-OCCI","cod_barrio":"Inst_16","link_foto":null,"cod_smf_cl_cont":null,"x_origen_nacional":4715081.8705000002,"y_origen_nacional":2248890.9728999999}},{"type":"Feature","id":208,"geometry":{"type":"Point","coordinates":[4715215.0520000011,2248899.5796000008]},"properties":{"OBJECTID":208,"id_cruce":383,"id_controlador":257,"direccion":"CR 57  CL 44","ubicacion":"NOR-ORI","cod_barrio":"1007","link_foto":null,"cod_smf_cl_cont":null,"x_origen_nacional":4715215.0520000001,"y_origen_nacional":2248899.5795999998}},{"type":"Feature","id":209,"geometry":{"type":"Point","coordinates":[4715129.7261000006,2248970.5791999977]},"properties":{"OBJECTID":209,"id_cruce":382,"id_controlador":257,"direccion":"CR 57  CL 44","ubicacion":"NOR-OCCI","cod_barrio":"1008","link_foto":null,"cod_smf_cl_cont":null,"x_origen_nacional":4715129.7260999996,"y_origen_nacional":2248970.5792}},{"type":"Feature","id":210,"geometry":{"type":"Point","coordinates":[4715162.949000001,2249325.2714000028]},"properties":{"OBJECTID":210,"id_cruce":386,"id_controlador":277,"direccion":"CR 57  CL 48","ubicacion":null,"cod_barrio":"1007","link_foto":null,"cod_smf_cl_cont":null,"x_origen_nacional":4715162.949,"y_origen_nacional":2249325.2714}},{"type":"Feature","id":211,"geometry":{"type":"Point","coordinates":[4715161.5697999997,2249620.1199999992]},"properties":{"OBJECTID":211,"id_cruce":388,"id_controlador":228,"direccion":"CR 57  CL 50","ubicacion":"Lateral Sur","cod_barrio":"1008","link_foto":null,"cod_smf_cl_cont":null,"x_origen_nacional":4715161.5697999997,"y_origen_nacional":2249620.1200000001}},{"type":"Feature","id":212,"geometry":{"type":"Point","coordinates":[4715154.9117999999,2249698.5277999993]},"properties":{"OBJECTID":212,"id_cruce":387,"id_controlador":228,"direccion":"CR 57  CL 50","ubicacion":"Lateral Norte","cod_barrio":"1006","link_foto":null,"cod_smf_cl_cont":null,"x_origen_nacional":4715154.9117999999,"y_origen_nacional":2249698.5277999998}},{"type":"Feature","id":213,"geometry":{"type":"Point","coordinates":[4715324.8554000016,2249942.4837999996]},"properties":{"OBJECTID":213,"id_cruce":389,"id_controlador":227,"direccion":"CR 57  CL 54","ubicacion":null,"cod_barrio":"1006","link_foto":null,"cod_smf_cl_cont":null,"x_origen_nacional":4715324.8553999998,"y_origen_nacional":2249942.4838}},{"type":"Feature","id":214,"geometry":{"type":"Point","coordinates":[4714509.3015000001,2248842.787100004]},"properties":{"OBJECTID":214,"id_cruce":394,"id_controlador":175,"direccion":"CR 63 C  CL 42 C","ubicacion":null,"cod_barrio":"1105","link_foto":null,"cod_smf_cl_cont":null,"x_origen_nacional":4714509.3015000001,"y_origen_nacional":2248842.7870999998}},{"type":"Feature","id":215,"geometry":{"type":"Point","coordinates":[4715166.0897000013,2250425.4756999984]},"properties":{"OBJECTID":215,"id_cruce":397,"id_controlador":306,"direccion":"CR 64 C  CL 57","ubicacion":"Unal","cod_barrio":"Inst_8","link_foto":null,"cod_smf_cl_cont":null,"x_origen_nacional":4715166.0897000004,"y_origen_nacional":2250425.4756999998}},{"type":"Feature","id":216,"geometry":{"type":"Point","coordinates":[4714258.3330000006,2248476.6286000013]},"properties":{"OBJECTID":216,"id_cruce":408,"id_controlador":160,"direccion":"CR 65  CL 38","ubicacion":"Cost NORTE","cod_barrio":"1105","link_foto":null,"cod_smf_cl_cont":null,"x_origen_nacional":4714258.3329999996,"y_origen_nacional":2248476.6285999999}},{"type":"Feature","id":217,"geometry":{"type":"Point","coordinates":[4716174.0347000007,2254997.8173000012]},"properties":{"OBJECTID":217,"id_cruce":400,"id_controlador":291,"direccion":"CR 65  CL 104","ubicacion":null,"cod_barrio":"0509","link_foto":null,"cod_smf_cl_cont":null,"x_origen_nacional":4716174.0346999997,"y_origen_nacional":2254997.8173000002}},{"type":"Feature","id":218,"geometry":{"type":"Point","coordinates":[4713728.5012000008,2244932.1144999992]},"properties":{"OBJECTID":218,"id_cruce":401,"id_controlador":29,"direccion":"CR 65  CL 2","ubicacion":null,"cod_barrio":"1509","link_foto":null,"cod_smf_cl_cont":null,"x_origen_nacional":4713728.5011999998,"y_origen_nacional":2244932.1145000001}},{"type":"Feature","id":219,"geometry":{"type":"Point","coordinates":[4712363.6196999997,2250344.3720000014]},"properties":{"OBJECTID":219,"id_cruce":556,"id_controlador":176,"direccion":"CR 82  CL 48","ubicacion":null,"cod_barrio":"1304","link_foto":null,"cod_smf_cl_cont":null,"x_origen_nacional":4712363.6196999997,"y_origen_nacional":2250344.372}},{"type":"Feature","id":220,"geometry":{"type":"Point","coordinates":[4712358.5160000008,2250407.5737000015]},"properties":{"OBJECTID":220,"id_cruce":557,"id_controlador":176,"direccion":"CR 82  CL 48 A","ubicacion":null,"cod_barrio":"1202","link_foto":null,"cod_smf_cl_cont":null,"x_origen_nacional":4712358.5159999998,"y_origen_nacional":2250407.5737000001}},{"type":"Feature","id":221,"geometry":{"type":"Point","coordinates":[4712395.434700002,2250906.3066000007]},"properties":{"OBJECTID":221,"id_cruce":558,"id_controlador":170,"direccion":"CR 82  CL 50","ubicacion":null,"cod_barrio":"1202","link_foto":null,"cod_smf_cl_cont":null,"x_origen_nacional":4712395.4347000001,"y_origen_nacional":2250906.3065999998}},{"type":"Feature","id":222,"geometry":{"type":"Point","coordinates":[4711745.8844000008,2246482.8910000008]},"properties":{"OBJECTID":222,"id_cruce":559,"id_controlador":118,"direccion":"CR 83  CL 19","ubicacion":"Cost Norte","cod_barrio":"1613","link_foto":null,"cod_smf_cl_cont":null,"x_origen_nacional":4711745.8843999999,"y_origen_nacional":2246482.8909999998}},{"type":"Feature","id":223,"geometry":{"type":"Point","coordinates":[4711740.7020000014,2246423.0149000026]},"properties":{"OBJECTID":223,"id_cruce":560,"id_controlador":118,"direccion":"CR 83  CL 19","ubicacion":"Cost Sur","cod_barrio":"1612","link_foto":null,"cod_smf_cl_cont":null,"x_origen_nacional":4711740.7019999996,"y_origen_nacional":2246423.0148999998}},{"type":"Feature","id":224,"geometry":{"type":"Point","coordinates":[4711799.2310000006,2247144.9506000001]},"properties":{"OBJECTID":224,"id_cruce":561,"id_controlador":67,"direccion":"CR 83  CL 29","ubicacion":null,"cod_barrio":"1614","link_foto":null,"cod_smf_cl_cont":null,"x_origen_nacional":4711799.2309999997,"y_origen_nacional":2247144.9506000001}},{"type":"Feature","id":225,"geometry":{"type":"Point","coordinates":[4711768.8333000001,2247228.5201999992]},"properties":{"OBJECTID":225,"id_cruce":562,"id_controlador":67,"direccion":"CR 83  CL 30","ubicacion":null,"cod_barrio":"1615","link_foto":null,"cod_smf_cl_cont":null,"x_origen_nacional":4711768.8333000001,"y_origen_nacional":2247228.5202000001}},{"type":"Feature","id":226,"geometry":{"type":"Point","coordinates":[4711742.2081000013,2247318.7223000024]},"properties":{"OBJECTID":226,"id_cruce":563,"id_controlador":67,"direccion":"CR 83  CL 30 A","ubicacion":null,"cod_barrio":"1615","link_foto":null,"cod_smf_cl_cont":null,"x_origen_nacional":4711742.2081000004,"y_origen_nacional":2247318.7223}},{"type":"Feature","id":227,"geometry":{"type":"Point","coordinates":[4711663.3803999992,2248681.3676000014]},"properties":{"OBJECTID":227,"id_cruce":564,"id_controlador":168,"direccion":"CR 84  CL 35","ubicacion":null,"cod_barrio":"1110","link_foto":null,"cod_smf_cl_cont":null,"x_origen_nacional":4711663.3804000001,"y_origen_nacional":2248681.3676}},{"type":"Feature","id":228,"geometry":{"type":"Point","coordinates":[4711909.7595000006,2249405.8909000009]},"properties":{"OBJECTID":228,"id_cruce":565,"id_controlador":166,"direccion":"CR 84  CL 44","ubicacion":null,"cod_barrio":"1204","link_foto":null,"cod_smf_cl_cont":null,"x_origen_nacional":4711909.7594999997,"y_origen_nacional":2249405.8909}},{"type":"Feature","id":229,"geometry":{"type":"Point","coordinates":[4712006.7001999998,2250189.0781000033]},"properties":{"OBJECTID":229,"id_cruce":567,"id_controlador":343,"direccion":"CR 87  CL 47 D","ubicacion":null,"cod_barrio":"1205","link_foto":null,"cod_smf_cl_cont":null,"x_origen_nacional":4712006.7001999998,"y_origen_nacional":2250189.0781}},{"type":"Feature","id":230,"geometry":{"type":"Point","coordinates":[4711987.1359000001,2250246.9354000017]},"properties":{"OBJECTID":230,"id_cruce":568,"id_controlador":343,"direccion":"CR 87  CL 47 DD","ubicacion":null,"cod_barrio":"1206","link_foto":null,"cod_smf_cl_cont":null,"x_origen_nacional":4711987.1359000001,"y_origen_nacional":2250246.9353999998}},{"type":"Feature","id":231,"geometry":{"type":"Point","coordinates":[4713414.2325999998,2248047.095900001]},"properties":{"OBJECTID":231,"id_cruce":578,"id_controlador":105,"direccion":"DG 74 B  CL 32 F","ubicacion":"OCCIDENTAL","cod_barrio":"1620","link_foto":null,"cod_smf_cl_cont":null,"x_origen_nacional":4713414.2325999998,"y_origen_nacional":2248047.0959000001}},{"type":"Feature","id":232,"geometry":{"type":"Point","coordinates":[4713479.1848999998,2248046.7792000026]},"properties":{"OBJECTID":232,"id_cruce":579,"id_controlador":105,"direccion":"DG 74 B  CL 32 F","ubicacion":"ORIENTAL","cod_barrio":"1602","link_foto":null,"cod_smf_cl_cont":null,"x_origen_nacional":4713479.1848999998,"y_origen_nacional":2248046.7792000002}},{"type":"Feature","id":233,"geometry":{"type":"Point","coordinates":[4713833.1864,2252615.2890000027]},"properties":{"OBJECTID":233,"id_cruce":580,"id_controlador":283,"direccion":"DG 80  CL 77 B","ubicacion":"SANTO TOMAS","cod_barrio":"0706","link_foto":null,"cod_smf_cl_cont":null,"x_origen_nacional":4713833.1864,"y_origen_nacional":2252615.2889999999}},{"type":"Feature","id":234,"geometry":{"type":"Point","coordinates":[4715690.6934000002,2250229.0658]},"properties":{"OBJECTID":234,"id_cruce":390,"id_controlador":222,"direccion":"CR 57  CL 58-59","ubicacion":"FATELARES NORTE","cod_barrio":"1003","link_foto":null,"cod_smf_cl_cont":null,"x_origen_nacional":4715690.6934000002,"y_origen_nacional":2250229.0658}},{"type":"Feature","id":235,"geometry":{"type":"Point","coordinates":[4715477.7873,2250187.2174999993]},"properties":{"OBJECTID":235,"id_cruce":581,"id_controlador":223,"direccion":"CR 57  CL 57","ubicacion":"FATELARES SUROCCIDENTAL","cod_barrio":"1004","link_foto":null,"cod_smf_cl_cont":null,"x_origen_nacional":4715477.7873,"y_origen_nacional":2250187.2174999998}},{"type":"Feature","id":236,"geometry":{"type":"Point","coordinates":[4715495.2468999997,2250068.0015000012]},"properties":{"OBJECTID":236,"id_cruce":582,"id_controlador":223,"direccion":"CR 57  CL 56","ubicacion":"FATELARES SURORIENTAL","cod_barrio":"1006","link_foto":null,"cod_smf_cl_cont":null,"x_origen_nacional":4715495.2468999997,"y_origen_nacional":2250068.0014999998}},{"type":"Feature","id":237,"geometry":{"type":"Point","coordinates":[4714121.3432999998,2250344.8968000021]},"properties":{"OBJECTID":237,"id_cruce":583,"id_controlador":145,"direccion":"CR 69  CL 51 A","ubicacion":"PEATONAL LUIS AMIGO","cod_barrio":"1101","link_foto":null,"cod_smf_cl_cont":null,"x_origen_nacional":4714121.3432999998,"y_origen_nacional":2250344.8968000002}},{"type":"Feature","id":238,"geometry":{"type":"Point","coordinates":[4714643.9717000006,2251915.6965999994]},"properties":{"OBJECTID":238,"id_cruce":596,"id_controlador":305,"direccion":"CR 69  CL 73","ubicacion":"RINCONCITO ECUATORIANO","cod_barrio":"0707","link_foto":null,"cod_smf_cl_cont":null,"x_origen_nacional":4714643.9716999996,"y_origen_nacional":2251915.6965999999}},{"type":"Feature","id":239,"geometry":{"type":"Point","coordinates":[4715116.6663000006,2252044.2671000026]},"properties":{"OBJECTID":239,"id_cruce":597,"id_controlador":398,"direccion":"TV 78  CL 79 B","ubicacion":"Rap Ochoa","cod_barrio":"0519","link_foto":null,"cod_smf_cl_cont":null,"x_origen_nacional":4715116.6662999997,"y_origen_nacional":2252044.2670999998}},{"type":"Feature","id":240,"geometry":{"type":"Point","coordinates":[4716690.4375000019,2244319.4372000024]},"properties":{"OBJECTID":240,"id_cruce":598,"id_controlador":45,"direccion":"CR 30 CL 7","ubicacion":null,"cod_barrio":"1409","link_foto":null,"cod_smf_cl_cont":null,"x_origen_nacional":4716690.4375,"y_origen_nacional":2244319.4372}},{"type":"Feature","id":241,"geometry":{"type":"Point","coordinates":[4716309.8038999997,2243817.1942999996]},"properties":{"OBJECTID":241,"id_cruce":601,"id_controlador":50,"direccion":"CR 32 CL 1S","ubicacion":null,"cod_barrio":"1410","link_foto":null,"cod_smf_cl_cont":null,"x_origen_nacional":4716309.8038999997,"y_origen_nacional":2243817.1943000001}},{"type":"Feature","id":242,"geometry":{"type":"Point","coordinates":[4715701.3329999996,2242205.1513999999]},"properties":{"OBJECTID":242,"id_cruce":602,"id_controlador":53,"direccion":"CR 32 CL 16AS","ubicacion":null,"cod_barrio":"1412","link_foto":null,"cod_smf_cl_cont":null,"x_origen_nacional":4715701.3329999996,"y_origen_nacional":2242205.1513999999}},{"type":"Feature","id":243,"geometry":{"type":"Point","coordinates":[4716137.8879000014,2243338.8071000017]},"properties":{"OBJECTID":243,"id_cruce":603,"id_controlador":51,"direccion":"CR 32 CL 5S","ubicacion":null,"cod_barrio":"1416","link_foto":null,"cod_smf_cl_cont":null,"x_origen_nacional":4716137.8879000004,"y_origen_nacional":2243338.8070999999}},{"type":"Feature","id":244,"geometry":{"type":"Point","coordinates":[4715993.313000001,2242863.6331999991]},"properties":{"OBJECTID":244,"id_cruce":604,"id_controlador":52,"direccion":"CR 32 CL 9S","ubicacion":null,"cod_barrio":"1414","link_foto":null,"cod_smf_cl_cont":null,"x_origen_nacional":4715993.3130000001,"y_origen_nacional":2242863.6332}},{"type":"Feature","id":245,"geometry":{"type":"Point","coordinates":[4717143.5696,2243512.7222000007]},"properties":{"OBJECTID":245,"id_cruce":605,"id_controlador":54,"direccion":"CR 25 CL 3","ubicacion":"EL TESORO","cod_barrio":"1410","link_foto":null,"cod_smf_cl_cont":null,"x_origen_nacional":4717143.5696,"y_origen_nacional":2243512.7222000002}},{"type":"Feature","id":246,"geometry":{"type":"Point","coordinates":[4716844.8110999987,2242915.0738000032]},"properties":{"OBJECTID":246,"id_cruce":606,"id_controlador":55,"direccion":"CR 25 CL 5S","ubicacion":null,"cod_barrio":"1410","link_foto":null,"cod_smf_cl_cont":null,"x_origen_nacional":4716844.8110999996,"y_origen_nacional":2242915.0737999999}},{"type":"Feature","id":247,"geometry":{"type":"Point","coordinates":[4716613.4648000002,2242333.4015000015]},"properties":{"OBJECTID":247,"id_cruce":607,"id_controlador":56,"direccion":"CR 25 CL 12S","ubicacion":null,"cod_barrio":"1411","link_foto":null,"cod_smf_cl_cont":null,"x_origen_nacional":4716613.4648000002,"y_origen_nacional":2242333.4015000002}},{"type":"Feature","id":248,"geometry":{"type":"Point","coordinates":[4713799.5388000002,2248405.5036999993]},"properties":{"OBJECTID":248,"id_cruce":608,"id_controlador":161,"direccion":"CR 66 B  CL 34 B","ubicacion":"UNICENTRO 1","cod_barrio":"Inst_15","link_foto":null,"cod_smf_cl_cont":null,"x_origen_nacional":4713799.5388000002,"y_origen_nacional":2248405.5036999998}},{"type":"Feature","id":249,"geometry":{"type":"Point","coordinates":[4713737.790000001,2248342.1559999995]},"properties":{"OBJECTID":249,"id_cruce":609,"id_controlador":161,"direccion":"CR 66 B  CL 34 A","ubicacion":"UNICENTRO 2","cod_barrio":"Inst_15","link_foto":null,"cod_smf_cl_cont":null,"x_origen_nacional":4713737.79,"y_origen_nacional":2248342.156}},{"type":"Feature","id":250,"geometry":{"type":"Point","coordinates":[4715501.9830000009,2243068.1472999994]},"properties":{"OBJECTID":250,"id_cruce":58,"id_controlador":43,"direccion":"CR 35  CL 9 S","ubicacion":null,"cod_barrio":"1414","link_foto":null,"cod_smf_cl_cont":null,"x_origen_nacional":4715501.983,"y_origen_nacional":2243068.1472999998}},{"type":"Feature","id":251,"geometry":{"type":"Point","coordinates":[4715162.0032000002,2250337.7659000009]},"properties":{"OBJECTID":251,"id_cruce":398,"id_controlador":306,"direccion":"CR 64 C  CL 60","ubicacion":"Unal","cod_barrio":"1101","link_foto":null,"cod_smf_cl_cont":null,"x_origen_nacional":4715162.0032000002,"y_origen_nacional":2250337.7659}},{"type":"Feature","id":252,"geometry":{"type":"Point","coordinates":[4715702.8929000003,2247612.782800002]},"properties":{"OBJECTID":252,"id_cruce":103,"id_controlador":270,"direccion":"CR 43 A  CL 34","ubicacion":null,"cod_barrio":"1012","link_foto":null,"cod_smf_cl_cont":null,"x_origen_nacional":4715702.8929000003,"y_origen_nacional":2247612.7828000002}},{"type":"Feature","id":253,"geometry":{"type":"Point","coordinates":[4715445.2575000012,2249128.9518000018]},"properties":{"OBJECTID":253,"id_cruce":358,"id_controlador":278,"direccion":"CR 54  CL 46","ubicacion":null,"cod_barrio":"1007","link_foto":null,"cod_smf_cl_cont":null,"x_origen_nacional":4715445.2575000003,"y_origen_nacional":2249128.9517999999}},{"type":"Feature","id":254,"geometry":{"type":"Point","coordinates":[4713467.4800000014,2248156.8433999997]},"properties":{"OBJECTID":254,"id_cruce":21,"id_controlador":101,"direccion":"CR 66B  CL 33","ubicacion":null,"cod_barrio":"1108","link_foto":null,"cod_smf_cl_cont":null,"x_origen_nacional":4713467.4800000004,"y_origen_nacional":2248156.8434000001}},{"type":"Feature","id":255,"geometry":{"type":"Point","coordinates":[4713538.0643999996,2248184.1323000006]},"properties":{"OBJECTID":255,"id_cruce":19,"id_controlador":101,"direccion":"CR 66B  CL 33","ubicacion":null,"cod_barrio":"Inst_15","link_foto":null,"cod_smf_cl_cont":null,"x_origen_nacional":4713538.0643999996,"y_origen_nacional":2248184.1323000002}},{"type":"Feature","id":256,"geometry":{"type":"Point","coordinates":[4713578.3778999997,2248135.0276999995]},"properties":{"OBJECTID":256,"id_cruce":20,"id_controlador":101,"direccion":"CR 66B  CL 33","ubicacion":null,"cod_barrio":"1105","link_foto":null,"cod_smf_cl_cont":null,"x_origen_nacional":4713578.3778999997,"y_origen_nacional":2248135.0277}},{"type":"Feature","id":257,"geometry":{"type":"Point","coordinates":[4713507.2673000004,2248104.4748]},"properties":{"OBJECTID":257,"id_cruce":22,"id_controlador":101,"direccion":"CR 66B  CL 33 ","ubicacion":"SUR-ORI Bulerias - AV BOLIVARIANA x CL 33 SUR-ORI","cod_barrio":"1602","link_foto":null,"cod_smf_cl_cont":null,"x_origen_nacional":4713507.2673000004,"y_origen_nacional":2248104.4748}},{"type":"Feature","id":258,"geometry":{"type":"Point","coordinates":[4712107.4505000021,2248075.8928000014]},"properties":{"OBJECTID":258,"id_cruce":3,"id_controlador":116,"direccion":"AV 80  CL 33","ubicacion":"NOR-ORIE  STA. GEMA","cod_barrio":"1109","link_foto":null,"cod_smf_cl_cont":null,"x_origen_nacional":4712107.4505000003,"y_origen_nacional":2248075.8928}},{"type":"Feature","id":259,"geometry":{"type":"Point","coordinates":[4712062.7555000009,2248119.1378000006]},"properties":{"OBJECTID":259,"id_cruce":2,"id_controlador":116,"direccion":"AV 80  CL 33","ubicacion":"NOR-OCCI","cod_barrio":"1110","link_foto":null,"cod_smf_cl_cont":null,"x_origen_nacional":4712062.7555,"y_origen_nacional":2248119.1378000001}},{"type":"Feature","id":260,"geometry":{"type":"Point","coordinates":[4716088.6079999991,2250019.9758000001]},"properties":{"OBJECTID":260,"id_cruce":269,"id_controlador":212,"direccion":"CR 51 D  CL 57","ubicacion":null,"cod_barrio":"1005","link_foto":null,"cod_smf_cl_cont":null,"x_origen_nacional":4716088.608,"y_origen_nacional":2250019.9758000001}},{"type":"Feature","id":261,"geometry":{"type":"Point","coordinates":[4716122.8185000019,2250169.6903000027]},"properties":{"OBJECTID":261,"id_cruce":270,"id_controlador":219,"direccion":"CR 51 D  CL 59","ubicacion":null,"cod_barrio":"1003","link_foto":null,"cod_smf_cl_cont":null,"x_origen_nacional":4716122.8185000001,"y_origen_nacional":2250169.6902999999}},{"type":"Feature","id":262,"geometry":{"type":"Point","coordinates":[4716151.662800001,2250369.8377999999]},"properties":{"OBJECTID":262,"id_cruce":271,"id_controlador":183,"direccion":"CR 51 D  CL 61","ubicacion":null,"cod_barrio":"1003","link_foto":null,"cod_smf_cl_cont":null,"x_origen_nacional":4716151.6628,"y_origen_nacional":2250369.8377999999}},{"type":"Feature","id":263,"geometry":{"type":"Point","coordinates":[4715985.112900001,2249577.566700004]},"properties":{"OBJECTID":263,"id_cruce":272,"id_controlador":346,"direccion":"CR 51  CL 52","ubicacion":"AV DE GREIFF","cod_barrio":"1019","link_foto":null,"cod_smf_cl_cont":null,"x_origen_nacional":4715985.1129000001,"y_origen_nacional":2249577.5666999999}},{"type":"Feature","id":264,"geometry":{"type":"Point","coordinates":[4714597.630400002,2245353.7736000028]},"properties":{"OBJECTID":264,"id_cruce":273,"id_controlador":31,"direccion":"CR 51  CL 10","ubicacion":null,"cod_barrio":"1507","link_foto":null,"cod_smf_cl_cont":null,"x_origen_nacional":4714597.6304000001,"y_origen_nacional":2245353.7736}},{"type":"Feature","id":265,"geometry":{"type":"Point","coordinates":[4713746.2076000003,2243452.3389000017]},"properties":{"OBJECTID":265,"id_cruce":275,"id_controlador":35,"direccion":"CR 51  CL 12 S","ubicacion":null,"cod_barrio":"1510","link_foto":null,"cod_smf_cl_cont":null,"x_origen_nacional":4713746.2076000003,"y_origen_nacional":2243452.3388999999}},{"type":"Feature","id":266,"geometry":{"type":"Point","coordinates":[4714312.9704999998,2247464.5208000001]},"properties":{"OBJECTID":266,"id_cruce":406,"id_controlador":110,"direccion":"CR 65  CL 30 A","ubicacion":null,"cod_barrio":"1601","link_foto":null,"cod_smf_cl_cont":null,"x_origen_nacional":4714312.9704999998,"y_origen_nacional":2247464.5208000001}},{"type":"Feature","id":267,"geometry":{"type":"Point","coordinates":[4714276.4256000007,2248146.3413000032]},"properties":{"OBJECTID":267,"id_cruce":407,"id_controlador":104,"direccion":"CR 65  CL 33","ubicacion":null,"cod_barrio":"1601","link_foto":null,"cod_smf_cl_cont":null,"x_origen_nacional":4714276.4255999997,"y_origen_nacional":2248146.3413}},{"type":"Feature","id":268,"geometry":{"type":"Point","coordinates":[4714267.0635000011,2248417.0201999992]},"properties":{"OBJECTID":268,"id_cruce":409,"id_controlador":160,"direccion":"CR 65  CL 38","ubicacion":"Cost SUR","cod_barrio":"1105","link_foto":null,"cod_smf_cl_cont":null,"x_origen_nacional":4714267.0635000002,"y_origen_nacional":2248417.0202000001}},{"type":"Feature","id":269,"geometry":{"type":"Point","coordinates":[4714209.6251999997,2248808.1490000002]},"properties":{"OBJECTID":269,"id_cruce":399,"id_controlador":159,"direccion":"CR 65  CR 66B","ubicacion":"CR 65 x AV BOLIVARIANA","cod_barrio":"1105","link_foto":null,"cod_smf_cl_cont":null,"x_origen_nacional":4714209.6251999997,"y_origen_nacional":2248808.1490000002}},{"type":"Feature","id":270,"geometry":{"type":"Point","coordinates":[4714234.4978000009,2249047.6462999992]},"properties":{"OBJECTID":270,"id_cruce":410,"id_controlador":158,"direccion":"CR 65  CL 43","ubicacion":null,"cod_barrio":"1104","link_foto":null,"cod_smf_cl_cont":null,"x_origen_nacional":4714234.4978,"y_origen_nacional":2249047.6463000001}},{"type":"Feature","id":271,"geometry":{"type":"Point","coordinates":[4714256.4161,2249153.2214000039]},"properties":{"OBJECTID":271,"id_cruce":411,"id_controlador":157,"direccion":"CR 65  CL 44","ubicacion":null,"cod_barrio":"1104","link_foto":null,"cod_smf_cl_cont":null,"x_origen_nacional":4714256.4161,"y_origen_nacional":2249153.2214000002}},{"type":"Feature","id":272,"geometry":{"type":"Point","coordinates":[4711569.4886000017,2249578.8362000044]},"properties":{"OBJECTID":272,"id_cruce":571,"id_controlador":165,"direccion":"CR 90  CL 44","ubicacion":null,"cod_barrio":"1207","link_foto":null,"cod_smf_cl_cont":null,"x_origen_nacional":4711569.4885999998,"y_origen_nacional":2249578.8361999998}},{"type":"Feature","id":273,"geometry":{"type":"Point","coordinates":[4710680.4395000003,2249027.0727999993]},"properties":{"OBJECTID":273,"id_cruce":573,"id_controlador":167,"direccion":"CR 92  CL 35","ubicacion":null,"cod_barrio":"1311","link_foto":null,"cod_smf_cl_cont":null,"x_origen_nacional":4710680.4395000003,"y_origen_nacional":2249027.0728000002}},{"type":"Feature","id":274,"geometry":{"type":"Point","coordinates":[4711386.0543000009,2249702.4765000027]},"properties":{"OBJECTID":274,"id_cruce":574,"id_controlador":164,"direccion":"CR 92  CL 44","ubicacion":null,"cod_barrio":"1207","link_foto":null,"cod_smf_cl_cont":null,"x_origen_nacional":4711386.0543,"y_origen_nacional":2249702.4764999999}},{"type":"Feature","id":275,"geometry":{"type":"Point","coordinates":[4710736.4472000003,2250059.8049999997]},"properties":{"OBJECTID":275,"id_cruce":575,"id_controlador":163,"direccion":"CR 99  CL 44","ubicacion":null,"cod_barrio":"1309","link_foto":null,"cod_smf_cl_cont":null,"x_origen_nacional":4710736.4472000003,"y_origen_nacional":2250059.8050000002}},{"type":"Feature","id":276,"geometry":{"type":"Point","coordinates":[4710787.2489999998,2250117.3189000003]},"properties":{"OBJECTID":276,"id_cruce":576,"id_controlador":344,"direccion":"CR 99  CL 45","ubicacion":null,"cod_barrio":"1309","link_foto":null,"cod_smf_cl_cont":null,"x_origen_nacional":4710787.2489999998,"y_origen_nacional":2250117.3188999998}},{"type":"Feature","id":277,"geometry":{"type":"Point","coordinates":[4710827.2340000011,2250176.6906000003]},"properties":{"OBJECTID":277,"id_cruce":577,"id_controlador":344,"direccion":"CR 99  CL 47 A","ubicacion":null,"cod_barrio":"1308","link_foto":null,"cod_smf_cl_cont":null,"x_origen_nacional":4710827.2340000002,"y_origen_nacional":2250176.6905999999}},{"type":"Feature","id":278,"geometry":{"type":"Point","coordinates":[4712030.4486000007,2248064.8438000027]},"properties":{"OBJECTID":278,"id_cruce":4,"id_controlador":116,"direccion":"AV 80  CL 33","ubicacion":"SUR-OCCI","cod_barrio":"1110","link_foto":null,"cod_smf_cl_cont":null,"x_origen_nacional":4712030.4485999998,"y_origen_nacional":2248064.8437999999}},{"type":"Feature","id":279,"geometry":{"type":"Point","coordinates":[4712074.2949000001,2248021.3893000018]},"properties":{"OBJECTID":279,"id_cruce":5,"id_controlador":116,"direccion":"AV 80  CL 33","ubicacion":"SUR-ORIE","cod_barrio":"1109","link_foto":null,"cod_smf_cl_cont":null,"x_origen_nacional":4712074.2949000001,"y_origen_nacional":2248021.3892999999}},{"type":"Feature","id":280,"geometry":{"type":"Point","coordinates":[4713481.6306000007,2247274.9110000022]},"properties":{"OBJECTID":280,"id_cruce":455,"id_controlador":73,"direccion":"CR 69 B  CL 30","ubicacion":null,"cod_barrio":"1604","link_foto":null,"cod_smf_cl_cont":null,"x_origen_nacional":4713481.6305999998,"y_origen_nacional":2247274.9109999998}},{"type":"Feature","id":281,"geometry":{"type":"Point","coordinates":[4715647.8910999997,2244110.9508000035]},"properties":{"OBJECTID":281,"id_cruce":88,"id_controlador":7,"direccion":"CR 42  CL 1 S","ubicacion":null,"cod_barrio":"1417","link_foto":null,"cod_smf_cl_cont":null,"x_origen_nacional":4715647.8910999997,"y_origen_nacional":2244110.9508000002}},{"type":"Feature","id":282,"geometry":{"type":"Point","coordinates":[4715470.9325999999,2244015.6080000028]},"properties":{"OBJECTID":282,"id_cruce":98,"id_controlador":7,"direccion":"CR 43 A  CL 2 S","ubicacion":"La Strada","cod_barrio":"1416","link_foto":null,"cod_smf_cl_cont":null,"x_origen_nacional":4715470.9325999999,"y_origen_nacional":2244015.608}},{"type":"Feature","id":283,"geometry":{"type":"Point","coordinates":[4711943.9918,2247326.2838000022]},"properties":{"OBJECTID":283,"id_cruce":555,"id_controlador":68,"direccion":"CR 82 A  CL 30 A","ubicacion":"Los molinos","cod_barrio":"1603","link_foto":null,"cod_smf_cl_cont":null,"x_origen_nacional":4711943.9918,"y_origen_nacional":2247326.2837999999}},{"type":"Feature","id":284,"geometry":{"type":"Point","coordinates":[4715221.043300001,2243528.7679999992]},"properties":{"OBJECTID":284,"id_cruce":586,"id_controlador":9,"direccion":"CR 43 A  CL 7 S","ubicacion":"PEATONAL CC SANTAFE","cod_barrio":"1415","link_foto":null,"cod_smf_cl_cont":null,"x_origen_nacional":4715221.0433,"y_origen_nacional":2243528.7680000002}},{"type":"Feature","id":285,"geometry":{"type":"Point","coordinates":[4714512.5232999995,2251927.1765999999]},"properties":{"OBJECTID":285,"id_cruce":453,"id_controlador":285,"direccion":"CR 72  CL 73","ubicacion":"Cost Oriental Paso Peatonal","cod_barrio":"0707","link_foto":null,"cod_smf_cl_cont":null,"x_origen_nacional":4714512.5232999995,"y_origen_nacional":2251927.1765999999}},{"type":"Feature","id":286,"geometry":{"type":"Point","coordinates":[4714428.5038999999,2251928.2929999996]},"properties":{"OBJECTID":286,"id_cruce":452,"id_controlador":285,"direccion":"CR 72  CL 73","ubicacion":"Entrada Pilarica","cod_barrio":"0707","link_foto":null,"cod_smf_cl_cont":null,"x_origen_nacional":4714428.5038999999,"y_origen_nacional":2251928.2930000001}},{"type":"Feature","id":287,"geometry":{"type":"Point","coordinates":[4714886.7906999998,2248988.0572000034]},"properties":{"OBJECTID":287,"id_cruce":391,"id_controlador":279,"direccion":"CR 59  CL 44","ubicacion":null,"cod_barrio":"1008","link_foto":null,"cod_smf_cl_cont":null,"x_origen_nacional":4714886.7906999998,"y_origen_nacional":2248988.0572000002}},{"type":"Feature","id":288,"geometry":{"type":"Point","coordinates":[4714386.5148999998,2249141.8328000009]},"properties":{"OBJECTID":288,"id_cruce":392,"id_controlador":173,"direccion":"CR 63 A  CL 44","ubicacion":null,"cod_barrio":"1104","link_foto":null,"cod_smf_cl_cont":null,"x_origen_nacional":4714386.5148999998,"y_origen_nacional":2249141.8328}},{"type":"Feature","id":289,"geometry":{"type":"Point","coordinates":[4716782.0692000017,2245334.4890000019]},"properties":{"OBJECTID":289,"id_cruce":600,"id_controlador":49,"direccion":"CR 30 CL 12-12A","ubicacion":null,"cod_barrio":"1406","link_foto":null,"cod_smf_cl_cont":null,"x_origen_nacional":4716782.0691999998,"y_origen_nacional":2245334.4890000001}},{"type":"Feature","id":290,"geometry":{"type":"Point","coordinates":[4716827.6432000007,2245266.3897999991]},"properties":{"OBJECTID":290,"id_cruce":599,"id_controlador":49,"direccion":"CR 30 CL 12-12A","ubicacion":null,"cod_barrio":"1407","link_foto":null,"cod_smf_cl_cont":null,"x_origen_nacional":4716827.6431999998,"y_origen_nacional":2245266.3898}},{"type":"Feature","id":291,"geometry":{"type":"Point","coordinates":[4712607.3301000008,2247258.7689999994]},"properties":{"OBJECTID":291,"id_cruce":513,"id_controlador":70,"direccion":"CR 78  CL 30","ubicacion":null,"cod_barrio":"1603","link_foto":null,"cod_smf_cl_cont":null,"x_origen_nacional":4712607.3300999999,"y_origen_nacional":2247258.7689999999}},{"type":"Feature","id":292,"geometry":{"type":"Point","coordinates":[4714171.0323000001,2245036.9949000012]},"properties":{"OBJECTID":292,"id_cruce":589,"id_controlador":58,"direccion":"CR 52  CL 5","ubicacion":"PASO SEGURO NOEL","cod_barrio":"1507","link_foto":null,"cod_smf_cl_cont":null,"x_origen_nacional":4714171.0323000001,"y_origen_nacional":2245036.9948999998}},{"type":"Feature","id":293,"geometry":{"type":"Point","coordinates":[4714984.6752000004,2244865.9745000023]},"properties":{"OBJECTID":293,"id_cruce":590,"id_controlador":59,"direccion":"CR 48  CL 7 D","ubicacion":"PASO SEGURO POLITECNICO","cod_barrio":"1421","link_foto":null,"cod_smf_cl_cont":null,"x_origen_nacional":4714984.6752000004,"y_origen_nacional":2244865.9745}},{"type":"Feature","id":294,"geometry":{"type":"Point","coordinates":[4712147.2618000014,2248572.1070000026]},"properties":{"OBJECTID":294,"id_cruce":9,"id_controlador":115,"direccion":"AV 80  CL 35","ubicacion":"ORIENTAL","cod_barrio":"1109","link_foto":null,"cod_smf_cl_cont":null,"x_origen_nacional":4712147.2618000004,"y_origen_nacional":2248572.1069999998}},{"type":"Feature","id":295,"geometry":{"type":"Point","coordinates":[4713906.7148000002,2249643.088299999]},"properties":{"OBJECTID":295,"id_cruce":449,"id_controlador":150,"direccion":"CR 68 A  CL 47 D","ubicacion":null,"cod_barrio":"1103","link_foto":null,"cod_smf_cl_cont":null,"x_origen_nacional":4713906.7148000002,"y_origen_nacional":2249643.0882999999}},{"type":"Feature","id":296,"geometry":{"type":"Point","coordinates":[4713964.0765000014,2249726.9867000021]},"properties":{"OBJECTID":296,"id_cruce":450,"id_controlador":150,"direccion":"CR 68 A  CL 48","ubicacion":null,"cod_barrio":"1102","link_foto":null,"cod_smf_cl_cont":null,"x_origen_nacional":4713964.0765000004,"y_origen_nacional":2249726.9866999998}},{"type":"Feature","id":297,"geometry":{"type":"Point","coordinates":[4713142.2341000009,2245598.8640000038]},"properties":{"OBJECTID":297,"id_cruce":476,"id_controlador":98,"direccion":"CR 70  CL 9","ubicacion":null,"cod_barrio":"1607","link_foto":null,"cod_smf_cl_cont":null,"x_origen_nacional":4713142.2341,"y_origen_nacional":2245598.8640000001}},{"type":"Feature","id":298,"geometry":{"type":"Point","coordinates":[4713231.0211000005,2246047.8866000026]},"properties":{"OBJECTID":298,"id_cruce":456,"id_controlador":97,"direccion":"CR 70  CL 14","ubicacion":null,"cod_barrio":"1606","link_foto":null,"cod_smf_cl_cont":null,"x_origen_nacional":4713231.0210999995,"y_origen_nacional":2246047.8865999999}},{"type":"Feature","id":299,"geometry":{"type":"Point","coordinates":[4713253.1719000004,2246150.6659999974]},"properties":{"OBJECTID":299,"id_cruce":457,"id_controlador":96,"direccion":"CR 70  CL 16","ubicacion":null,"cod_barrio":"1606","link_foto":null,"cod_smf_cl_cont":null,"x_origen_nacional":4713253.1719000004,"y_origen_nacional":2246150.6660000002}},{"type":"Feature","id":300,"geometry":{"type":"Point","coordinates":[4713281.7165000001,2246307.1417000014]},"properties":{"OBJECTID":300,"id_cruce":458,"id_controlador":96,"direccion":"CR 70  CL 19","ubicacion":null,"cod_barrio":"1606","link_foto":null,"cod_smf_cl_cont":null,"x_origen_nacional":4713281.7165000001,"y_origen_nacional":2246307.1417}},{"type":"Feature","id":301,"geometry":{"type":"Point","coordinates":[4713316.8835000005,2246489.2793000005]},"properties":{"OBJECTID":301,"id_cruce":459,"id_controlador":95,"direccion":"CR 70  CL 24","ubicacion":null,"cod_barrio":"1605","link_foto":null,"cod_smf_cl_cont":null,"x_origen_nacional":4713316.8835000005,"y_origen_nacional":2246489.2793000001}},{"type":"Feature","id":302,"geometry":{"type":"Point","coordinates":[4713353.739000001,2247025.1645000018]},"properties":{"OBJECTID":302,"id_cruce":461,"id_controlador":94,"direccion":"CR 70  CL 27","ubicacion":null,"cod_barrio":"1604","link_foto":null,"cod_smf_cl_cont":null,"x_origen_nacional":4713353.7390000001,"y_origen_nacional":2247025.1645}},{"type":"Feature","id":303,"geometry":{"type":"Point","coordinates":[4713348.8488999996,2247162.063000001]},"properties":{"OBJECTID":303,"id_cruce":462,"id_controlador":72,"direccion":"CR 70  CL 29","ubicacion":null,"cod_barrio":"1604","link_foto":null,"cod_smf_cl_cont":null,"x_origen_nacional":4713348.8488999996,"y_origen_nacional":2247162.0630000001}},{"type":"Feature","id":304,"geometry":{"type":"Point","coordinates":[4713345.1317999996,2247275.8374000024]},"properties":{"OBJECTID":304,"id_cruce":463,"id_controlador":72,"direccion":"CR 70  CL 30","ubicacion":null,"cod_barrio":"1604","link_foto":null,"cod_smf_cl_cont":null,"x_origen_nacional":4713345.1317999996,"y_origen_nacional":2247275.8374000001}},{"type":"Feature","id":305,"geometry":{"type":"Point","coordinates":[4713340.105800001,2247355.283400001]},"properties":{"OBJECTID":305,"id_cruce":464,"id_controlador":108,"direccion":"CR 70  CL 30 A","ubicacion":null,"cod_barrio":"1602","link_foto":null,"cod_smf_cl_cont":null,"x_origen_nacional":4713340.1058,"y_origen_nacional":2247355.2834000001}},{"type":"Feature","id":306,"geometry":{"type":"Point","coordinates":[4713329.8816,2247676.9289999995]},"properties":{"OBJECTID":306,"id_cruce":465,"id_controlador":388,"direccion":"CR 70  CL 32 A","ubicacion":"Rosales","cod_barrio":"1602","link_foto":null,"cod_smf_cl_cont":null,"x_origen_nacional":4713329.8816,"y_origen_nacional":2247676.929}},{"type":"Feature","id":307,"geometry":{"type":"Point","coordinates":[4713640.0483999997,2249145.0026000012]},"properties":{"OBJECTID":307,"id_cruce":466,"id_controlador":130,"direccion":"CR 70  CL 43","ubicacion":null,"cod_barrio":"1107","link_foto":null,"cod_smf_cl_cont":null,"x_origen_nacional":4713640.0483999997,"y_origen_nacional":2249145.0025999998}},{"type":"Feature","id":308,"geometry":{"type":"Point","coordinates":[4713654.9052999998,2249231.5715999976]},"properties":{"OBJECTID":308,"id_cruce":467,"id_controlador":131,"direccion":"CR 70  CL 44","ubicacion":null,"cod_barrio":"1107","link_foto":null,"cod_smf_cl_cont":null,"x_origen_nacional":4713654.9052999998,"y_origen_nacional":2249231.5715999999}},{"type":"Feature","id":309,"geometry":{"type":"Point","coordinates":[4713660.661700001,2249301.9397000037]},"properties":{"OBJECTID":309,"id_cruce":468,"id_controlador":131,"direccion":"CR 70  CL 44 A","ubicacion":null,"cod_barrio":"1117","link_foto":null,"cod_smf_cl_cont":null,"x_origen_nacional":4713660.6617000001,"y_origen_nacional":2249301.9397}},{"type":"Feature","id":310,"geometry":{"type":"Point","coordinates":[4713759.9589000009,2249684.1214000024]},"properties":{"OBJECTID":310,"id_cruce":469,"id_controlador":148,"direccion":"CR 70  CL 47 D","ubicacion":null,"cod_barrio":"Inst_14","link_foto":null,"cod_smf_cl_cont":null,"x_origen_nacional":4713759.9589,"y_origen_nacional":2249684.1214000001}},{"type":"Feature","id":311,"geometry":{"type":"Point","coordinates":[4713745.9397000019,2249769.0263000019]},"properties":{"OBJECTID":311,"id_cruce":470,"id_controlador":149,"direccion":"CR 70  CL 48","ubicacion":null,"cod_barrio":"1102","link_foto":null,"cod_smf_cl_cont":null,"x_origen_nacional":4713745.9397,"y_origen_nacional":2249769.0263}},{"type":"Feature","id":312,"geometry":{"type":"Point","coordinates":[4713949.2588000009,2250251.8129999973]},"properties":{"OBJECTID":312,"id_cruce":472,"id_controlador":143,"direccion":"CR 70  CL 50","ubicacion":null,"cod_barrio":"Inst_14","link_foto":null,"cod_smf_cl_cont":null,"x_origen_nacional":4713949.2588,"y_origen_nacional":2250251.8130000001}},{"type":"Feature","id":313,"geometry":{"type":"Point","coordinates":[4713978.5905000009,2250313.6796000041]},"properties":{"OBJECTID":313,"id_cruce":473,"id_controlador":146,"direccion":"CR 70  CL 51","ubicacion":null,"cod_barrio":"1115","link_foto":null,"cod_smf_cl_cont":null,"x_origen_nacional":4713978.5904999999,"y_origen_nacional":2250313.6795999999}},{"type":"Feature","id":314,"geometry":{"type":"Point","coordinates":[4714066.1685000015,2250466.4053000025]},"properties":{"OBJECTID":314,"id_cruce":474,"id_controlador":146,"direccion":"CR 70  CL 53","ubicacion":null,"cod_barrio":"1115","link_foto":null,"cod_smf_cl_cont":null,"x_origen_nacional":4714066.1684999997,"y_origen_nacional":2250466.4053000002}},{"type":"Feature","id":315,"geometry":{"type":"Point","coordinates":[4714115.2752,2250556.5313000008]},"properties":{"OBJECTID":315,"id_cruce":475,"id_controlador":146,"direccion":"CR 70  CL 55","ubicacion":null,"cod_barrio":"1115","link_foto":null,"cod_smf_cl_cont":null,"x_origen_nacional":4714115.2752,"y_origen_nacional":2250556.5312999999}},{"type":"Feature","id":316,"geometry":{"type":"Point","coordinates":[4713580.5865000011,2248711.664900003]},"properties":{"OBJECTID":316,"id_cruce":477,"id_controlador":138,"direccion":"CR 70  CQLAR 1","ubicacion":null,"cod_barrio":"Inst_15","link_foto":null,"cod_smf_cl_cont":null,"x_origen_nacional":4713580.5865000002,"y_origen_nacional":2248711.6649000002}},{"type":"Feature","id":317,"geometry":{"type":"Point","coordinates":[4713127.5257999999,2248111.1191000044]},"properties":{"OBJECTID":317,"id_cruce":479,"id_controlador":100,"direccion":"CR 72  CL 33","ubicacion":"COOMEVA","cod_barrio":"1620","link_foto":null,"cod_smf_cl_cont":null,"x_origen_nacional":4713127.5257999999,"y_origen_nacional":2248111.1190999998}},{"type":"Feature","id":318,"geometry":{"type":"Point","coordinates":[4714486.9030000009,2252316.9189000018]},"properties":{"OBJECTID":318,"id_cruce":478,"id_controlador":284,"direccion":"CR 72 A  CL 78 B","ubicacion":null,"cod_barrio":"0707","link_foto":null,"cod_smf_cl_cont":null,"x_origen_nacional":4714486.9029999999,"y_origen_nacional":2252316.9188999999}},{"type":"Feature","id":319,"geometry":{"type":"Point","coordinates":[4713253.2608000003,2249190.2119000014]},"properties":{"OBJECTID":319,"id_cruce":480,"id_controlador":129,"direccion":"CR 73  CL 43","ubicacion":null,"cod_barrio":"1111","link_foto":null,"cod_smf_cl_cont":null,"x_origen_nacional":4713253.2608000003,"y_origen_nacional":2249190.2119}},{"type":"Feature","id":320,"geometry":{"type":"Point","coordinates":[4713266.322300001,2249278.5950000044]},"properties":{"OBJECTID":320,"id_cruce":481,"id_controlador":129,"direccion":"CR 73  CL 44","ubicacion":null,"cod_barrio":"1111","link_foto":null,"cod_smf_cl_cont":null,"x_origen_nacional":4713266.3223000001,"y_origen_nacional":2249278.5950000002}},{"type":"Feature","id":321,"geometry":{"type":"Point","coordinates":[4713323.6709000003,2249754.8446000014]},"properties":{"OBJECTID":321,"id_cruce":482,"id_controlador":147,"direccion":"CR 73  CL 47 D","ubicacion":null,"cod_barrio":"Inst_14","link_foto":null,"cod_smf_cl_cont":null,"x_origen_nacional":4713323.6709000003,"y_origen_nacional":2249754.8446}},{"type":"Feature","id":322,"geometry":{"type":"Point","coordinates":[4713256.9203000003,2248830.9916000012]},"properties":{"OBJECTID":322,"id_cruce":483,"id_controlador":137,"direccion":"CR 73  CQLAR 4","ubicacion":null,"cod_barrio":"1108","link_foto":null,"cod_smf_cl_cont":null,"x_origen_nacional":4713256.9203000003,"y_origen_nacional":2248830.9915999998}},{"type":"Feature","id":323,"geometry":{"type":"Point","coordinates":[4713042.3974000011,2248109.0168000013]},"properties":{"OBJECTID":323,"id_cruce":484,"id_controlador":100,"direccion":"CR 74  CL 33","ubicacion":"COOMEVA","cod_barrio":"1108","link_foto":null,"cod_smf_cl_cont":null,"x_origen_nacional":4713042.3974000001,"y_origen_nacional":2248109.0167999999}},{"type":"Feature","id":324,"geometry":{"type":"Point","coordinates":[4713130.8430000013,2249293.5380000006]},"properties":{"OBJECTID":324,"id_cruce":485,"id_controlador":128,"direccion":"CR 74  CL 44","ubicacion":null,"cod_barrio":"1111","link_foto":null,"cod_smf_cl_cont":null,"x_origen_nacional":4713130.8430000003,"y_origen_nacional":2249293.5380000002}},{"type":"Feature","id":325,"geometry":{"type":"Point","coordinates":[4713508.7024000008,2250465.3428000007]},"properties":{"OBJECTID":325,"id_cruce":486,"id_controlador":142,"direccion":"CR 74  CL 50","ubicacion":null,"cod_barrio":"1113","link_foto":null,"cod_smf_cl_cont":null,"x_origen_nacional":4713508.7023999998,"y_origen_nacional":2250465.3428000002}},{"type":"Feature","id":326,"geometry":{"type":"Point","coordinates":[4713793.6169999996,2250946.6965000015]},"properties":{"OBJECTID":326,"id_cruce":487,"id_controlador":345,"direccion":"CR 74  CL 55","ubicacion":null,"cod_barrio":"1114","link_foto":null,"cod_smf_cl_cont":null,"x_origen_nacional":4713793.6169999996,"y_origen_nacional":2250946.6965000001}},{"type":"Feature","id":327,"geometry":{"type":"Point","coordinates":[4713839.1732000001,2251038.5299999993]},"properties":{"OBJECTID":327,"id_cruce":488,"id_controlador":345,"direccion":"CR 74  CL 60","ubicacion":null,"cod_barrio":"0703","link_foto":null,"cod_smf_cl_cont":null,"x_origen_nacional":4713839.1732000001,"y_origen_nacional":2251038.5299999998}},{"type":"Feature","id":328,"geometry":{"type":"Point","coordinates":[4712546.9415000016,2246031.1961000003]},"properties":{"OBJECTID":328,"id_cruce":492,"id_controlador":93,"direccion":"CR 76  CL 11","ubicacion":null,"cod_barrio":"1606","link_foto":null,"cod_smf_cl_cont":null,"x_origen_nacional":4712546.9414999997,"y_origen_nacional":2246031.1960999998}},{"type":"Feature","id":329,"geometry":{"type":"Point","coordinates":[4712572.9192000013,2246143.5322000012]},"properties":{"OBJECTID":329,"id_cruce":493,"id_controlador":93,"direccion":"CR 76  CL 13","ubicacion":null,"cod_barrio":"1606","link_foto":null,"cod_smf_cl_cont":null,"x_origen_nacional":4712572.9192000004,"y_origen_nacional":2246143.5321999998}},{"type":"Feature","id":330,"geometry":{"type":"Point","coordinates":[4712632.2435999997,2246273.2243000027]},"properties":{"OBJECTID":330,"id_cruce":494,"id_controlador":114,"direccion":"CR 76  CL 16","ubicacion":null,"cod_barrio":"1612","link_foto":null,"cod_smf_cl_cont":null,"x_origen_nacional":4712632.2435999997,"y_origen_nacional":2246273.2242999999}},{"type":"Feature","id":331,"geometry":{"type":"Point","coordinates":[4712704.188500002,2246537.9194000009]},"properties":{"OBJECTID":331,"id_cruce":495,"id_controlador":92,"direccion":"CR 76  CL 20 A","ubicacion":null,"cod_barrio":"1612","link_foto":null,"cod_smf_cl_cont":null,"x_origen_nacional":4712704.1885000002,"y_origen_nacional":2246537.9194}},{"type":"Feature","id":332,"geometry":{"type":"Point","coordinates":[4712772.5248000016,2246805.091500001]},"properties":{"OBJECTID":332,"id_cruce":496,"id_controlador":92,"direccion":"CR 76  CL 25","ubicacion":null,"cod_barrio":"1605","link_foto":null,"cod_smf_cl_cont":null,"x_origen_nacional":4712772.5247999998,"y_origen_nacional":2246805.0915000001}},{"type":"Feature","id":333,"geometry":{"type":"Point","coordinates":[4712820.633200001,2246995.7653000019]},"properties":{"OBJECTID":333,"id_cruce":497,"id_controlador":91,"direccion":"CR 76  CL 27","ubicacion":null,"cod_barrio":"1605","link_foto":null,"cod_smf_cl_cont":null,"x_origen_nacional":4712820.6332,"y_origen_nacional":2246995.7653000001}},{"type":"Feature","id":334,"geometry":{"type":"Point","coordinates":[4712821.8072999995,2247258.530100001]},"properties":{"OBJECTID":334,"id_cruce":500,"id_controlador":71,"direccion":"CR 76  CL 30","ubicacion":null,"cod_barrio":"1604","link_foto":null,"cod_smf_cl_cont":null,"x_origen_nacional":4712821.8073000005,"y_origen_nacional":2247258.5301000001}},{"type":"Feature","id":335,"geometry":{"type":"Point","coordinates":[4712811.4037000006,2247345.2228000015]},"properties":{"OBJECTID":335,"id_cruce":501,"id_controlador":90,"direccion":"CR 76  CL 30 A","ubicacion":null,"cod_barrio":"1603","link_foto":null,"cod_smf_cl_cont":null,"x_origen_nacional":4712811.4036999997,"y_origen_nacional":2247345.2228000001}},{"type":"Feature","id":336,"geometry":{"type":"Point","coordinates":[4712813.5947000021,2247424.6339000016]},"properties":{"OBJECTID":336,"id_cruce":502,"id_controlador":89,"direccion":"CR 76  CL 31","ubicacion":null,"cod_barrio":"1603","link_foto":null,"cod_smf_cl_cont":null,"x_origen_nacional":4712813.5947000002,"y_origen_nacional":2247424.6338999998}},{"type":"Feature","id":337,"geometry":{"type":"Point","coordinates":[4712776.7015000004,2248035.0636]},"properties":{"OBJECTID":337,"id_cruce":505,"id_controlador":87,"direccion":"CR 76  CL 32 F","ubicacion":null,"cod_barrio":"1620","link_foto":null,"cod_smf_cl_cont":null,"x_origen_nacional":4712776.7015000004,"y_origen_nacional":2248035.0636}},{"type":"Feature","id":338,"geometry":{"type":"Point","coordinates":[4712770.3586000009,2248098.9706000034]},"properties":{"OBJECTID":338,"id_cruce":506,"id_controlador":87,"direccion":"CR 76  CL 33","ubicacion":null,"cod_barrio":"1620","link_foto":null,"cod_smf_cl_cont":null,"x_origen_nacional":4712770.3585999999,"y_origen_nacional":2248098.9706000001}},{"type":"Feature","id":339,"geometry":{"type":"Point","coordinates":[4712763.4565000013,2248166.9943000004]},"properties":{"OBJECTID":339,"id_cruce":507,"id_controlador":87,"direccion":"CR 76  CL 33 A","ubicacion":null,"cod_barrio":"1108","link_foto":null,"cod_smf_cl_cont":null,"x_origen_nacional":4712763.4565000003,"y_origen_nacional":2248166.9942999999}},{"type":"Feature","id":340,"geometry":{"type":"Point","coordinates":[4712755.0796999997,2248295.7947000023]},"properties":{"OBJECTID":340,"id_cruce":508,"id_controlador":86,"direccion":"CR 76  CL 34","ubicacion":null,"cod_barrio":"1108","link_foto":null,"cod_smf_cl_cont":null,"x_origen_nacional":4712755.0796999997,"y_origen_nacional":2248295.7947}},{"type":"Feature","id":341,"geometry":{"type":"Point","coordinates":[4712747.0092000011,2248490.7787999995]},"properties":{"OBJECTID":341,"id_cruce":509,"id_controlador":386,"direccion":"CR 76  CL 35","ubicacion":null,"cod_barrio":"1108","link_foto":null,"cod_smf_cl_cont":null,"x_origen_nacional":4712747.0092000002,"y_origen_nacional":2248490.7788}},{"type":"Feature","id":342,"geometry":{"type":"Point","coordinates":[4712799.7484999998,2247733.4953999985]},"properties":{"OBJECTID":342,"id_cruce":504,"id_controlador":88,"direccion":"CR 76  CL 32 BB","ubicacion":"Picacha Norte","cod_barrio":"1620","link_foto":null,"cod_smf_cl_cont":null,"x_origen_nacional":4712799.7484999998,"y_origen_nacional":2247733.4953999999}},{"type":"Feature","id":343,"geometry":{"type":"Point","coordinates":[4712801.2538000019,2247672.1166999992]},"properties":{"OBJECTID":343,"id_cruce":503,"id_controlador":88,"direccion":"CR 76  CL 32 B","ubicacion":"Picacha Sur","cod_barrio":"1603","link_foto":null,"cod_smf_cl_cont":null,"x_origen_nacional":4712801.2538000001,"y_origen_nacional":2247672.1167000001}},{"type":"Feature","id":344,"geometry":{"type":"Point","coordinates":[4712724.3696000008,2247257.1994000021]},"properties":{"OBJECTID":344,"id_cruce":510,"id_controlador":70,"direccion":"CR 77  CL 30","ubicacion":null,"cod_barrio":"1603","link_foto":null,"cod_smf_cl_cont":null,"x_origen_nacional":4712724.3695999999,"y_origen_nacional":2247257.1993999998}},{"type":"Feature","id":345,"geometry":{"type":"Point","coordinates":[4712721.2531000013,2247340.7649000026]},"properties":{"OBJECTID":345,"id_cruce":511,"id_controlador":107,"direccion":"CR 77  CL 30 A","ubicacion":null,"cod_barrio":"1603","link_foto":null,"cod_smf_cl_cont":null,"x_origen_nacional":4712721.2531000003,"y_origen_nacional":2247340.7648999998}},{"type":"Feature","id":346,"geometry":{"type":"Point","coordinates":[4712597.0592,2247339.5534000024]},"properties":{"OBJECTID":346,"id_cruce":514,"id_controlador":107,"direccion":"CR 78  CL 30 A","ubicacion":null,"cod_barrio":"1603","link_foto":null,"cod_smf_cl_cont":null,"x_origen_nacional":4712597.0592,"y_origen_nacional":2247339.5534000001}},{"type":"Feature","id":347,"geometry":{"type":"Point","coordinates":[4717290.2824000018,2248462.7117999997]},"properties":{"OBJECTID":347,"id_cruce":666,"id_controlador":450,"direccion":"CR 34  CL 49","ubicacion":null,"cod_barrio":"0907","link_foto":null,"cod_smf_cl_cont":null,"x_origen_nacional":4717290.2823999999,"y_origen_nacional":2248462.7118000002}},{"type":"Feature","id":348,"geometry":{"type":"Point","coordinates":[4717376.1591000007,2248418.2594000008]},"properties":{"OBJECTID":348,"id_cruce":667,"id_controlador":451,"direccion":"CR 33  CL 49","ubicacion":null,"cod_barrio":"0907","link_foto":null,"cod_smf_cl_cont":null,"x_origen_nacional":4717376.1590999998,"y_origen_nacional":2248418.2593999999}},{"type":"Feature","id":349,"geometry":{"type":"Point","coordinates":[4717548.8134000003,2248326.9282000009]},"properties":{"OBJECTID":349,"id_cruce":668,"id_controlador":452,"direccion":"CR 31  CL 49","ubicacion":null,"cod_barrio":"0907","link_foto":null,"cod_smf_cl_cont":null,"x_origen_nacional":4717548.8134000003,"y_origen_nacional":2248326.9282}},{"type":"Feature","id":350,"geometry":{"type":"Point","coordinates":[4717757.324000001,2248309.9543000013]},"properties":{"OBJECTID":350,"id_cruce":669,"id_controlador":453,"direccion":"CR 50  CL 29","ubicacion":null,"cod_barrio":"0906","link_foto":null,"cod_smf_cl_cont":null,"x_origen_nacional":4717757.324,"y_origen_nacional":2248309.9542999999}},{"type":"Feature","id":351,"geometry":{"type":"Point","coordinates":[4717795.0201000012,2248383.6643000022]},"properties":{"OBJECTID":351,"id_cruce":670,"id_controlador":454,"direccion":"CR 29  CL 51","ubicacion":null,"cod_barrio":"0906","link_foto":null,"cod_smf_cl_cont":null,"x_origen_nacional":4717795.0201000003,"y_origen_nacional":2248383.6642999998}},{"type":"Feature","id":352,"geometry":{"type":"Point","coordinates":[4717906.4437999995,2248417.3030999973]},"properties":{"OBJECTID":352,"id_cruce":671,"id_controlador":455,"direccion":"CR 28  CL 51A","ubicacion":null,"cod_barrio":"0906","link_foto":null,"cod_smf_cl_cont":null,"x_origen_nacional":4717906.4437999995,"y_origen_nacional":2248417.3031000001}},{"type":"Feature","id":353,"geometry":{"type":"Point","coordinates":[4718683.9986000005,2247783.2054000013]},"properties":{"OBJECTID":353,"id_cruce":672,"id_controlador":456,"direccion":"CR 17  CL 51 A","ubicacion":null,"cod_barrio":"0905","link_foto":null,"cod_smf_cl_cont":null,"x_origen_nacional":4718683.9985999996,"y_origen_nacional":2247783.2053999999}},{"type":"Feature","id":354,"geometry":{"type":"Point","coordinates":[4718789.7241999991,2247726.8110000025]},"properties":{"OBJECTID":354,"id_cruce":673,"id_controlador":457,"direccion":"CR 16 A  CL 50 A","ubicacion":null,"cod_barrio":"0905","link_foto":null,"cod_smf_cl_cont":null,"x_origen_nacional":4718789.7242000001,"y_origen_nacional":2247726.8110000002}},{"type":"Feature","id":355,"geometry":{"type":"Point","coordinates":[4718925.0132999998,2247508.0410999972]},"properties":{"OBJECTID":355,"id_cruce":674,"id_controlador":458,"direccion":"CR 14 A  CL 50","ubicacion":null,"cod_barrio":"0905","link_foto":null,"cod_smf_cl_cont":null,"x_origen_nacional":4718925.0132999998,"y_origen_nacional":2247508.0411}},{"type":"Feature","id":356,"geometry":{"type":"Point","coordinates":[4714607.2674000002,2252466.668300001]},"properties":{"OBJECTID":356,"id_cruce":675,"id_controlador":284,"direccion":"CR 72A  CL 79","ubicacion":null,"cod_barrio":"0708","link_foto":null,"cod_smf_cl_cont":null,"x_origen_nacional":4714607.2674000002,"y_origen_nacional":2252466.6683}},{"type":"Feature","id":357,"geometry":{"type":"Point","coordinates":[4715845.0697999997,2244878.3372000027]},"properties":{"OBJECTID":357,"id_cruce":676,"id_controlador":460,"direccion":"CR 41  CL 10","ubicacion":null,"cod_barrio":"1418","link_foto":null,"cod_smf_cl_cont":null,"x_origen_nacional":4715845.0697999997,"y_origen_nacional":2244878.3372}},{"type":"Feature","id":358,"geometry":{"type":"Point","coordinates":[4717380.5373,2244649.7755999994]},"properties":{"OBJECTID":358,"id_cruce":677,"id_controlador":461,"direccion":"CR 25  CL 10","ubicacion":null,"cod_barrio":"1408","link_foto":null,"cod_smf_cl_cont":null,"x_origen_nacional":4717380.5373,"y_origen_nacional":2244649.7755999998}},{"type":"Feature","id":359,"geometry":{"type":"Point","coordinates":[4716217.9641000014,2253087.4985000025]},"properties":{"OBJECTID":359,"id_cruce":678,"id_controlador":424,"direccion":"CR 60  CL 92","ubicacion":"Asfaltadora, Madre Laura","cod_barrio":"0405","link_foto":null,"cod_smf_cl_cont":null,"x_origen_nacional":4716217.9641000004,"y_origen_nacional":2253087.4985000002}},{"type":"Feature","id":360,"geometry":{"type":"Point","coordinates":[4715978.4424999999,2252947.8076000046]},"properties":{"OBJECTID":360,"id_cruce":679,"id_controlador":424,"direccion":"CR 62  CL 90","ubicacion":"CURVA DE LA Virgen, Madre Laura","cod_barrio":"0405","link_foto":null,"cod_smf_cl_cont":null,"x_origen_nacional":4715978.4424999999,"y_origen_nacional":2252947.8075999999}},{"type":"Feature","id":361,"geometry":{"type":"Point","coordinates":[4714607.8611000003,2248735.7402000017]},"properties":{"OBJECTID":361,"id_cruce":680,"id_controlador":463,"direccion":"CR 63 AA  CL 42 C","ubicacion":"Paso peatonal parques del rio","cod_barrio":"1105","link_foto":null,"cod_smf_cl_cont":null,"x_origen_nacional":4714607.8611000003,"y_origen_nacional":2248735.7401999999}},{"type":"Feature","id":362,"geometry":{"type":"Point","coordinates":[4716349.5575000001,2253275.1751000024]},"properties":{"OBJECTID":362,"id_cruce":683,"id_controlador":419,"direccion":"CR 55  CL 93","ubicacion":"Glorieta madre Laura cost. Noroccidental","cod_barrio":"0403","link_foto":null,"cod_smf_cl_cont":null,"x_origen_nacional":4716349.5575000001,"y_origen_nacional":2253275.1751000001}},{"type":"Feature","id":363,"geometry":{"type":"Point","coordinates":[4716378.7421000004,2253272.6818000022]},"properties":{"OBJECTID":363,"id_cruce":684,"id_controlador":419,"direccion":"CR 55  CL 93","ubicacion":"Glorieta madre Laura cost. Nororiental","cod_barrio":"0403","link_foto":null,"cod_smf_cl_cont":null,"x_origen_nacional":4716378.7421000004,"y_origen_nacional":2253272.6817999999}},{"type":"Feature","id":364,"geometry":{"type":"Point","coordinates":[4716364.6742000012,2253228.5354999993]},"properties":{"OBJECTID":364,"id_cruce":682,"id_controlador":419,"direccion":"CR 55  CL 93","ubicacion":"Glorieta madre Laura cost. Suroccidental","cod_barrio":"0403","link_foto":null,"cod_smf_cl_cont":null,"x_origen_nacional":4716364.6742000002,"y_origen_nacional":2253228.5355000002}},{"type":"Feature","id":365,"geometry":{"type":"Point","coordinates":[4717508.6491999999,2248459.3117999993]},"properties":{"OBJECTID":365,"id_cruce":685,"id_controlador":253,"direccion":"CR 32  CL 50","ubicacion":null,"cod_barrio":"0906","link_foto":null,"cod_smf_cl_cont":null,"x_origen_nacional":4717508.6491999999,"y_origen_nacional":2248459.3117999998}},{"type":"Feature","id":366,"geometry":{"type":"Point","coordinates":[4714905.2994000018,2247304.7645000033]},"properties":{"OBJECTID":366,"id_cruce":681,"id_controlador":462,"direccion":"CR 52  CL 29 C","ubicacion":"EST METROPLUS INDUSTRIALES","cod_barrio":"1504","link_foto":null,"cod_smf_cl_cont":null,"x_origen_nacional":4714905.2993999999,"y_origen_nacional":2247304.7645}},{"type":"Feature","id":367,"geometry":{"type":"Point","coordinates":[4717558.1611000011,2250703.2543000001]},"properties":{"OBJECTID":367,"id_cruce":687,"id_controlador":466,"direccion":"CR 43  CL 66F","ubicacion":null,"cod_barrio":"0307","link_foto":null,"cod_smf_cl_cont":null,"x_origen_nacional":4717558.1611000001,"y_origen_nacional":2250703.2543000001}},{"type":"Feature","id":368,"geometry":{"type":"Point","coordinates":[4717583.6453999998,2250729.6862000041]},"properties":{"OBJECTID":368,"id_cruce":688,"id_controlador":466,"direccion":"CR 43  CL 67","ubicacion":null,"cod_barrio":"0307","link_foto":null,"cod_smf_cl_cont":null,"x_origen_nacional":4717583.6453999998,"y_origen_nacional":2250729.6861999999}},{"type":"Feature","id":369,"geometry":{"type":"Point","coordinates":[4716585.2966000009,2251791.6794000026]},"properties":{"OBJECTID":369,"id_cruce":689,"id_controlador":467,"direccion":"CR 51  CL 78","ubicacion":null,"cod_barrio":"0415","link_foto":null,"cod_smf_cl_cont":null,"x_origen_nacional":4716585.2966,"y_origen_nacional":2251791.6793999998}},{"type":"Feature","id":370,"geometry":{"type":"Point","coordinates":[4717392.6979,2249268.1306000017]},"properties":{"OBJECTID":370,"id_cruce":690,"id_controlador":468,"direccion":"CR 37  CL 58","ubicacion":null,"cod_barrio":"1017","link_foto":null,"cod_smf_cl_cont":null,"x_origen_nacional":4717392.6979,"y_origen_nacional":2249268.1305999998}},{"type":"Feature","id":371,"geometry":{"type":"Point","coordinates":[4717132.7593999999,2249224.4528000019]},"properties":{"OBJECTID":371,"id_cruce":686,"id_controlador":247,"direccion":"CR 39  CL 56","ubicacion":null,"cod_barrio":"1016","link_foto":null,"cod_smf_cl_cont":null,"x_origen_nacional":4717132.7593999999,"y_origen_nacional":2249224.4528000001}},{"type":"Feature","id":372,"geometry":{"type":"Point","coordinates":[4718202.3646999998,2247986.4737999998]},"properties":{"OBJECTID":372,"id_cruce":692,"id_controlador":470,"direccion":"CR 20 B  CL 49","ubicacion":null,"cod_barrio":"0905","link_foto":null,"cod_smf_cl_cont":null,"x_origen_nacional":4718202.3646999998,"y_origen_nacional":2247986.4737999998}},{"type":"Feature","id":373,"geometry":{"type":"Point","coordinates":[4718104.1130000008,2248036.2096999995]},"properties":{"OBJECTID":373,"id_cruce":693,"id_controlador":470,"direccion":"CR 25  CL 49","ubicacion":null,"cod_barrio":"0905","link_foto":null,"cod_smf_cl_cont":null,"x_origen_nacional":4718104.1129999999,"y_origen_nacional":2248036.2097}},{"type":"Feature","id":374,"geometry":{"type":"Point","coordinates":[4717949.2375999996,2248119.4392000008]},"properties":{"OBJECTID":374,"id_cruce":694,"id_controlador":471,"direccion":"CR 26  CL 49","ubicacion":null,"cod_barrio":"0908","link_foto":null,"cod_smf_cl_cont":null,"x_origen_nacional":4717949.2375999996,"y_origen_nacional":2248119.4391999999}},{"type":"Feature","id":375,"geometry":{"type":"Point","coordinates":[4714916.0525000002,2246949.7493000012]},"properties":{"OBJECTID":375,"id_cruce":695,"id_controlador":472,"direccion":"CR 52  CL 29A","ubicacion":null,"cod_barrio":"1504","link_foto":null,"cod_smf_cl_cont":null,"x_origen_nacional":4714916.0525000002,"y_origen_nacional":2246949.7492999998}},{"type":"Feature","id":376,"geometry":{"type":"Point","coordinates":[4715830.8460999997,2244028.9354999997]},"properties":{"OBJECTID":376,"id_cruce":691,"id_controlador":469,"direccion":"CR 37 B  CL 1 S","ubicacion":"Loma de los Parras","cod_barrio":"1416","link_foto":null,"cod_smf_cl_cont":null,"x_origen_nacional":4715830.8460999997,"y_origen_nacional":2244028.9355000001}},{"type":"Feature","id":377,"geometry":{"type":"Point","coordinates":[4715799.0401000017,2248814.1618000027]},"properties":{"OBJECTID":377,"id_cruce":696,"id_controlador":490,"direccion":"CR 50  CL 45","ubicacion":null,"cod_barrio":"1007","link_foto":null,"cod_smf_cl_cont":null,"x_origen_nacional":4715799.0400999999,"y_origen_nacional":2248814.1617999999}},{"type":"Feature","id":378,"geometry":{"type":"Point","coordinates":[4715825.7805000003,2248803.9898000006]},"properties":{"OBJECTID":378,"id_cruce":697,"id_controlador":490,"direccion":"CR 49  CL 45","ubicacion":null,"cod_barrio":"1007","link_foto":null,"cod_smf_cl_cont":null,"x_origen_nacional":4715825.7805000003,"y_origen_nacional":2248803.9898000001}},{"type":"Feature","id":379,"geometry":{"type":"Point","coordinates":[4713405.9096000008,2243283.4514000025]},"properties":{"OBJECTID":379,"id_cruce":698,"id_controlador":473,"direccion":"CR 52  CL 13 S","ubicacion":null,"cod_barrio":"1511","link_foto":null,"cod_smf_cl_cont":null,"x_origen_nacional":4713405.9095999999,"y_origen_nacional":2243283.4514000001}},{"type":"Feature","id":380,"geometry":{"type":"Point","coordinates":[4718607.1291000005,2247744.1451999992]},"properties":{"OBJECTID":380,"id_cruce":699,"id_controlador":474,"direccion":"CR 17 B  CL 49","ubicacion":null,"cod_barrio":"0905","link_foto":null,"cod_smf_cl_cont":null,"x_origen_nacional":4718607.1290999996,"y_origen_nacional":2247744.1452000001}},{"type":"Feature","id":381,"geometry":{"type":"Point","coordinates":[4713327.8918000013,2248340.4327000026]},"properties":{"OBJECTID":381,"id_cruce":700,"id_controlador":475,"direccion":"TV 39 B  CQ 1","ubicacion":"PEATONAL UPB","cod_barrio":"1107","link_foto":null,"cod_smf_cl_cont":null,"x_origen_nacional":4713327.8918000003,"y_origen_nacional":2248340.4326999998}},{"type":"Feature","id":382,"geometry":{"type":"Point","coordinates":[4712150.7199999997,2248082.3790000007]},"properties":{"OBJECTID":382,"id_cruce":524,"id_controlador":116,"direccion":"CR 80 C  CL 33 ","ubicacion":null,"cod_barrio":"1109","link_foto":null,"cod_smf_cl_cont":null,"x_origen_nacional":4712150.7199999997,"y_origen_nacional":2248082.3790000002}},{"type":"Feature","id":383,"geometry":{"type":"Point","coordinates":[4714417.4302000003,2245431.4749000017]},"properties":{"OBJECTID":383,"id_cruce":701,"id_controlador":476,"direccion":"CR 52  CL 10","ubicacion":null,"cod_barrio":"1507","link_foto":null,"cod_smf_cl_cont":null,"x_origen_nacional":4714417.4302000003,"y_origen_nacional":2245431.4748999998}},{"type":"Feature","id":384,"geometry":{"type":"Point","coordinates":[4715712.6903000018,2245196.2824000027]},"properties":{"OBJECTID":384,"id_cruce":702,"id_controlador":477,"direccion":"CR 43 A  CL 11 B","ubicacion":null,"cod_barrio":"1405","link_foto":null,"cod_smf_cl_cont":null,"x_origen_nacional":4715712.6902999999,"y_origen_nacional":2245196.2823999999}},{"type":"Feature","id":385,"geometry":{"type":"Point","coordinates":[4716867.4063000008,2249059.0599000026]},"properties":{"OBJECTID":385,"id_cruce":703,"id_controlador":478,"direccion":"CR 40  CL 52","ubicacion":null,"cod_barrio":"1016","link_foto":null,"cod_smf_cl_cont":null,"x_origen_nacional":4716867.4062999999,"y_origen_nacional":2249059.0599000002}},{"type":"Feature","id":386,"geometry":{"type":"Point","coordinates":[4716781.9850000022,2248856.5528999995]},"properties":{"OBJECTID":386,"id_cruce":704,"id_controlador":245,"direccion":"CR 40  CL 50","ubicacion":null,"cod_barrio":"1016","link_foto":null,"cod_smf_cl_cont":null,"x_origen_nacional":4716781.9850000003,"y_origen_nacional":2248856.5529}},{"type":"Feature","id":387,"geometry":{"type":"Point","coordinates":[4716604.9868000001,2248955.7280999999]},"properties":{"OBJECTID":387,"id_cruce":706,"id_controlador":245,"direccion":"CR 42  CL 50","ubicacion":null,"cod_barrio":"1016","link_foto":null,"cod_smf_cl_cont":null,"x_origen_nacional":4716604.9868000001,"y_origen_nacional":2248955.7280999999}},{"type":"Feature","id":388,"geometry":{"type":"Point","coordinates":[4714654.0288000014,2250390.0052000005]},"properties":{"OBJECTID":388,"id_cruce":708,"id_controlador":494,"direccion":"CR 65  CL 59A","ubicacion":null,"cod_barrio":"0725","link_foto":"secretaria_movilidad/images/cruces/708/imagen.jpg","cod_smf_cl_cont":"E2","x_origen_nacional":4714654.0288000004,"y_origen_nacional":2250390.0052}},{"type":"Feature","id":389,"geometry":{"type":"Point","coordinates":[4717529.6169000007,2247882.0294000022]},"properties":{"OBJECTID":389,"id_cruce":705,"id_controlador":479,"direccion":"CR 29  CL 45","ubicacion":null,"cod_barrio":"0908","link_foto":null,"cod_smf_cl_cont":null,"x_origen_nacional":4717529.6168999998,"y_origen_nacional":2247882.0293999999}},{"type":"Feature","id":390,"geometry":{"type":"Point","coordinates":[4717294.6361000007,2247683.2390000038]},"properties":{"OBJECTID":390,"id_cruce":707,"id_controlador":480,"direccion":"CR 30  CL 41","ubicacion":null,"cod_barrio":"0910","link_foto":null,"cod_smf_cl_cont":null,"x_origen_nacional":4717294.6360999998,"y_origen_nacional":2247683.2390000001}},{"type":"Feature","id":391,"geometry":{"type":"Point","coordinates":[4716519.1052999999,2249742.7573000025]},"properties":{"OBJECTID":391,"id_cruce":197,"id_controlador":350,"direccion":"CR 47  CL 57","ubicacion":null,"cod_barrio":"1018","link_foto":null,"cod_smf_cl_cont":null,"x_origen_nacional":4716519.1052999999,"y_origen_nacional":2249742.7573000002}},{"type":"Feature","id":392,"geometry":{"type":"Point","coordinates":[4716572.9884000011,2249798.7891000044]},"properties":{"OBJECTID":392,"id_cruce":198,"id_controlador":217,"direccion":"CR 47  CL 58","ubicacion":null,"cod_barrio":"1018","link_foto":null,"cod_smf_cl_cont":null,"x_origen_nacional":4716572.9884000001,"y_origen_nacional":2249798.7891000002}},{"type":"Feature","id":393,"geometry":{"type":"Point","coordinates":[4716653.3298000013,2249888.3059999999]},"properties":{"OBJECTID":393,"id_cruce":199,"id_controlador":352,"direccion":"CR 47  CL 59","ubicacion":null,"cod_barrio":"1001","link_foto":null,"cod_smf_cl_cont":null,"x_origen_nacional":4716653.3298000004,"y_origen_nacional":2249888.3059999999}},{"type":"Feature","id":394,"geometry":{"type":"Point","coordinates":[4716744.3509,2250053.9204999991]},"properties":{"OBJECTID":394,"id_cruce":200,"id_controlador":353,"direccion":"CR 47  CL 61","ubicacion":null,"cod_barrio":"1001","link_foto":null,"cod_smf_cl_cont":null,"x_origen_nacional":4716744.3509,"y_origen_nacional":2250053.9205}},{"type":"Feature","id":395,"geometry":{"type":"Point","coordinates":[4716798.8823000006,2250136.6835999992]},"properties":{"OBJECTID":395,"id_cruce":201,"id_controlador":356,"direccion":"CR 47  CL 62","ubicacion":null,"cod_barrio":"1001","link_foto":null,"cod_smf_cl_cont":null,"x_origen_nacional":4716798.8822999997,"y_origen_nacional":2250136.6836000001}},{"type":"Feature","id":396,"geometry":{"type":"Point","coordinates":[4717226.2880000016,2250762.5918000024]},"properties":{"OBJECTID":396,"id_cruce":202,"id_controlador":198,"direccion":"CR 47  CL 67","ubicacion":null,"cod_barrio":"0409","link_foto":null,"cod_smf_cl_cont":null,"x_origen_nacional":4717226.2879999997,"y_origen_nacional":2250762.5918000001}},{"type":"Feature","id":397,"geometry":{"type":"Point","coordinates":[4715031.8519000011,2245313.9060000032]},"properties":{"OBJECTID":397,"id_cruce":207,"id_controlador":37,"direccion":"CR 48  CL 10","ubicacion":"Cost NORTE","cod_barrio":"1419","link_foto":null,"cod_smf_cl_cont":null,"x_origen_nacional":4715031.8519000001,"y_origen_nacional":2245313.906}},{"type":"Feature","id":398,"geometry":{"type":"Point","coordinates":[4715013.7713000001,2245196.1628000028]},"properties":{"OBJECTID":398,"id_cruce":208,"id_controlador":37,"direccion":"CR 48  CL 10","ubicacion":"Cost SUR","cod_barrio":"1421","link_foto":null,"cod_smf_cl_cont":null,"x_origen_nacional":4715013.7713000001,"y_origen_nacional":2245196.1628}},{"type":"Feature","id":399,"geometry":{"type":"Point","coordinates":[4715044.9525000015,2245435.3094000015]},"properties":{"OBJECTID":399,"id_cruce":209,"id_controlador":36,"direccion":"CR 48  CL 14","ubicacion":null,"cod_barrio":"1403","link_foto":null,"cod_smf_cl_cont":null,"x_origen_nacional":4715044.9524999997,"y_origen_nacional":2245435.3094000001}},{"type":"Feature","id":400,"geometry":{"type":"Point","coordinates":[4715084.5854000011,2245774.7441000026]},"properties":{"OBJECTID":400,"id_cruce":210,"id_controlador":380,"direccion":"CR 48  CL 16 A","ubicacion":null,"cod_barrio":"1403","link_foto":null,"cod_smf_cl_cont":null,"x_origen_nacional":4715084.5854000002,"y_origen_nacional":2245774.7440999998}},{"type":"Feature","id":401,"geometry":{"type":"Point","coordinates":[4714545.1415000008,2242713.014200002]},"properties":{"OBJECTID":401,"id_cruce":211,"id_controlador":48,"direccion":"CR 48  CL 16 A S","ubicacion":null,"cod_barrio":"1423","link_foto":null,"cod_smf_cl_cont":null,"x_origen_nacional":4714545.1414999999,"y_origen_nacional":2242713.0142000001}},{"type":"Feature","id":402,"geometry":{"type":"Point","coordinates":[4715094.3928000005,2245838.8217999972]},"properties":{"OBJECTID":402,"id_cruce":212,"id_controlador":380,"direccion":"CR 48  CL 17","ubicacion":null,"cod_barrio":"1403","link_foto":null,"cod_smf_cl_cont":null,"x_origen_nacional":4715094.3927999996,"y_origen_nacional":2245838.8218}},{"type":"Feature","id":403,"geometry":{"type":"Point","coordinates":[4714904.9249000009,2244158.4803000018]},"properties":{"OBJECTID":403,"id_cruce":204,"id_controlador":47,"direccion":"CR 48  CL 4 S","ubicacion":"Cost norte","cod_barrio":"1421","link_foto":null,"cod_smf_cl_cont":null,"x_origen_nacional":4714904.9249,"y_origen_nacional":2244158.4802999999}},{"type":"Feature","id":404,"geometry":{"type":"Point","coordinates":[4715162.2190000005,2246605.6218000036]},"properties":{"OBJECTID":404,"id_cruce":214,"id_controlador":390,"direccion":"CR 48  CL 24","ubicacion":null,"cod_barrio":"1403","link_foto":null,"cod_smf_cl_cont":null,"x_origen_nacional":4715162.2189999996,"y_origen_nacional":2246605.6217999998}},{"type":"Feature","id":405,"geometry":{"type":"Point","coordinates":[4715232.5206000004,2247281.3749000002]},"properties":{"OBJECTID":405,"id_cruce":216,"id_controlador":274,"direccion":"CR 48  CL 30","ubicacion":null,"cod_barrio":"1012","link_foto":null,"cod_smf_cl_cont":null,"x_origen_nacional":4715232.5206000004,"y_origen_nacional":2247281.3749000002}},{"type":"Feature","id":406,"geometry":{"type":"Point","coordinates":[4715417.3284000009,2247673.8372000009]},"properties":{"OBJECTID":406,"id_cruce":218,"id_controlador":271,"direccion":"CR 48  CL 34","ubicacion":null,"cod_barrio":"1012","link_foto":null,"cod_smf_cl_cont":null,"x_origen_nacional":4715417.3284,"y_origen_nacional":2247673.8372}},{"type":"Feature","id":407,"geometry":{"type":"Point","coordinates":[4715503.7442000015,2247877.3469000012]},"properties":{"OBJECTID":407,"id_cruce":219,"id_controlador":268,"direccion":"CR 48  CL 36","ubicacion":null,"cod_barrio":"1012","link_foto":null,"cod_smf_cl_cont":null,"x_origen_nacional":4715503.7441999996,"y_origen_nacional":2247877.3468999998}},{"type":"Feature","id":408,"geometry":{"type":"Point","coordinates":[4715533.0107000014,2247956.2912000027]},"properties":{"OBJECTID":408,"id_cruce":220,"id_controlador":265,"direccion":"CR 48  CL 37","ubicacion":null,"cod_barrio":"1012","link_foto":null,"cod_smf_cl_cont":null,"x_origen_nacional":4715533.0107000005,"y_origen_nacional":2247956.2911999999}},{"type":"Feature","id":409,"geometry":{"type":"Point","coordinates":[4715574.4434000002,2248059.4068999998]},"properties":{"OBJECTID":409,"id_cruce":221,"id_controlador":262,"direccion":"CR 48  CL 38","ubicacion":null,"cod_barrio":"1013","link_foto":null,"cod_smf_cl_cont":null,"x_origen_nacional":4715574.4434000002,"y_origen_nacional":2248059.4068999998}},{"type":"Feature","id":410,"geometry":{"type":"Point","coordinates":[4715692.4138000011,2248357.2158000022]},"properties":{"OBJECTID":410,"id_cruce":223,"id_controlador":340,"direccion":"CR 48  CL 41","ubicacion":null,"cod_barrio":"1013","link_foto":null,"cod_smf_cl_cont":null,"x_origen_nacional":4715692.4138000002,"y_origen_nacional":2248357.2157999999}},{"type":"Feature","id":411,"geometry":{"type":"Point","coordinates":[4716468.3171000006,2249776.7963999975]},"properties":{"OBJECTID":411,"id_cruce":224,"id_controlador":350,"direccion":"CR 48  CL 57","ubicacion":null,"cod_barrio":"1018","link_foto":null,"cod_smf_cl_cont":null,"x_origen_nacional":4716468.3170999996,"y_origen_nacional":2249776.7963999999}},{"type":"Feature","id":412,"geometry":{"type":"Point","coordinates":[4716523.2692999998,2249856.4517999999]},"properties":{"OBJECTID":412,"id_cruce":225,"id_controlador":218,"direccion":"CR 48  CL 58","ubicacion":null,"cod_barrio":"1018","link_foto":null,"cod_smf_cl_cont":null,"x_origen_nacional":4716523.2692999998,"y_origen_nacional":2249856.4517999999}},{"type":"Feature","id":413,"geometry":{"type":"Point","coordinates":[4716581.4622,2249950.0271000024]},"properties":{"OBJECTID":413,"id_cruce":226,"id_controlador":351,"direccion":"CR 48  CL 59","ubicacion":null,"cod_barrio":"1001","link_foto":null,"cod_smf_cl_cont":null,"x_origen_nacional":4716581.4622,"y_origen_nacional":2249950.0271000001}},{"type":"Feature","id":414,"geometry":{"type":"Point","coordinates":[4716681.4513999997,2250104.7678999994]},"properties":{"OBJECTID":414,"id_cruce":227,"id_controlador":354,"direccion":"CR 48  CL 61","ubicacion":null,"cod_barrio":"1001","link_foto":null,"cod_smf_cl_cont":null,"x_origen_nacional":4716681.4513999997,"y_origen_nacional":2250104.7678999999}},{"type":"Feature","id":415,"geometry":{"type":"Point","coordinates":[4716732.3304000013,2250178.5239000022]},"properties":{"OBJECTID":415,"id_cruce":228,"id_controlador":355,"direccion":"CR 48  CL 62","ubicacion":null,"cod_barrio":"1001","link_foto":null,"cod_smf_cl_cont":null,"x_origen_nacional":4716732.3304000003,"y_origen_nacional":2250178.5238999999}},{"type":"Feature","id":416,"geometry":{"type":"Point","coordinates":[4714919.4226000011,2245302.164400002]},"properties":{"OBJECTID":416,"id_cruce":229,"id_controlador":382,"direccion":"CR 48  CL 9","ubicacion":"PEAT MREY COST NORTE","cod_barrio":"1419","link_foto":null,"cod_smf_cl_cont":null,"x_origen_nacional":4714919.4226000002,"y_origen_nacional":2245302.1644000001}},{"type":"Feature","id":417,"geometry":{"type":"Point","coordinates":[4714896.3512000004,2245234.2899999991]},"properties":{"OBJECTID":417,"id_cruce":230,"id_controlador":382,"direccion":"CR 48  CL 9","ubicacion":"PEAT MREY COST SUR","cod_barrio":"1421","link_foto":null,"cod_smf_cl_cont":null,"x_origen_nacional":4714896.3512000004,"y_origen_nacional":2245234.29}},{"type":"Feature","id":418,"geometry":{"type":"Point","coordinates":[4715922.4720999999,2248942.5116000008]},"properties":{"OBJECTID":418,"id_cruce":232,"id_controlador":336,"direccion":"CR 49  CL 46","ubicacion":null,"cod_barrio":"1013","link_foto":null,"cod_smf_cl_cont":null,"x_origen_nacional":4715922.4720999999,"y_origen_nacional":2248942.5115999999}},{"type":"Feature","id":419,"geometry":{"type":"Point","coordinates":[4715978.8780000005,2249039.7065000013]},"properties":{"OBJECTID":419,"id_cruce":233,"id_controlador":459,"direccion":"CR 49  CL 48","ubicacion":null,"cod_barrio":"1019","link_foto":null,"cod_smf_cl_cont":null,"x_origen_nacional":4715978.8779999996,"y_origen_nacional":2249039.7064999999}},{"type":"Feature","id":420,"geometry":{"type":"Point","coordinates":[4716024.3265000014,2249109.8796999995]},"properties":{"OBJECTID":420,"id_cruce":234,"id_controlador":334,"direccion":"CR 49  CL 49","ubicacion":null,"cod_barrio":"1019","link_foto":null,"cod_smf_cl_cont":null,"x_origen_nacional":4716024.3265000004,"y_origen_nacional":2249109.8796999999}},{"type":"Feature","id":421,"geometry":{"type":"Point","coordinates":[4716068.0591000002,2249198.1113000009]},"properties":{"OBJECTID":421,"id_cruce":235,"id_controlador":335,"direccion":"CR 49  CL 50","ubicacion":null,"cod_barrio":"1019","link_foto":null,"cod_smf_cl_cont":null,"x_origen_nacional":4716068.0591000002,"y_origen_nacional":2249198.1113}},{"type":"Feature","id":422,"geometry":{"type":"Point","coordinates":[4716127.2019999987,2249304.9460000005]},"properties":{"OBJECTID":422,"id_cruce":236,"id_controlador":359,"direccion":"CR 49  CL 52","ubicacion":null,"cod_barrio":"1019","link_foto":null,"cod_smf_cl_cont":null,"x_origen_nacional":4716127.2019999996,"y_origen_nacional":2249304.946}},{"type":"Feature","id":423,"geometry":{"type":"Point","coordinates":[4716232.0314000007,2249478.8251000009]},"properties":{"OBJECTID":423,"id_cruce":237,"id_controlador":229,"direccion":"CR 49  CL 53","ubicacion":null,"cod_barrio":"1019","link_foto":null,"cod_smf_cl_cont":null,"x_origen_nacional":4716232.0313999997,"y_origen_nacional":2249478.8251}},{"type":"Feature","id":424,"geometry":{"type":"Point","coordinates":[4716280.0082,2249554.9491000008]},"properties":{"OBJECTID":424,"id_cruce":238,"id_controlador":361,"direccion":"CR 49  CL 54","ubicacion":null,"cod_barrio":"1019","link_foto":null,"cod_smf_cl_cont":null,"x_origen_nacional":4716280.0082,"y_origen_nacional":2249554.9490999999}},{"type":"Feature","id":425,"geometry":{"type":"Point","coordinates":[4716402.1504000006,2249808.3088000007]},"properties":{"OBJECTID":425,"id_cruce":239,"id_controlador":349,"direccion":"CR 49  CL 57","ubicacion":null,"cod_barrio":"1018","link_foto":null,"cod_smf_cl_cont":null,"x_origen_nacional":4716402.1503999997,"y_origen_nacional":2249808.3088000002}},{"type":"Feature","id":426,"geometry":{"type":"Point","coordinates":[4716872.8081999999,2250795.9401000012]},"properties":{"OBJECTID":426,"id_cruce":240,"id_controlador":196,"direccion":"CR 49  CL 67","ubicacion":null,"cod_barrio":"0408","link_foto":null,"cod_smf_cl_cont":null,"x_origen_nacional":4716872.8081999999,"y_origen_nacional":2250795.9400999998}},{"type":"Feature","id":427,"geometry":{"type":"Point","coordinates":[4716980.3681000005,2251388.3221000005]},"properties":{"OBJECTID":427,"id_cruce":241,"id_controlador":294,"direccion":"CR 49  CL 73","ubicacion":null,"cod_barrio":"0408","link_foto":null,"cod_smf_cl_cont":null,"x_origen_nacional":4716980.3680999996,"y_origen_nacional":2251388.3221}},{"type":"Feature","id":428,"geometry":{"type":"Point","coordinates":[4717036.0765000023,2251711.1426999997]},"properties":{"OBJECTID":428,"id_cruce":242,"id_controlador":295,"direccion":"CR 49  CL 78","ubicacion":null,"cod_barrio":"0414","link_foto":null,"cod_smf_cl_cont":null,"x_origen_nacional":4717036.0765000004,"y_origen_nacional":2251711.1427000002}},{"type":"Feature","id":429,"geometry":{"type":"Point","coordinates":[4714230.8065000009,2243324.3374000005]},"properties":{"OBJECTID":429,"id_cruce":245,"id_controlador":27,"direccion":"CR 50 C  CL 12 S","ubicacion":null,"cod_barrio":"1510","link_foto":null,"cod_smf_cl_cont":null,"x_origen_nacional":4714230.8064999999,"y_origen_nacional":2243324.3374000001}},{"type":"Feature","id":430,"geometry":{"type":"Point","coordinates":[4714045.4814000009,2243375.2166000009]},"properties":{"OBJECTID":430,"id_cruce":246,"id_controlador":27,"direccion":"CR 50 FF  CL 12 S","ubicacion":null,"cod_barrio":"1510","link_foto":null,"cod_smf_cl_cont":null,"x_origen_nacional":4714045.4813999999,"y_origen_nacional":2243375.2165999999}},{"type":"Feature","id":431,"geometry":{"type":"Point","coordinates":[4714114.4603000004,2243892.6391000003]},"properties":{"OBJECTID":431,"id_cruce":247,"id_controlador":26,"direccion":"CR 50 FF  CL 8 S","ubicacion":null,"cod_barrio":"1510","link_foto":null,"cod_smf_cl_cont":null,"x_origen_nacional":4714114.4603000004,"y_origen_nacional":2243892.6390999998}},{"type":"Feature","id":432,"geometry":{"type":"Point","coordinates":[4715328.9807000002,2247705.846900003]},"properties":{"OBJECTID":432,"id_cruce":251,"id_controlador":271,"direccion":"CR 50  CL 34","ubicacion":null,"cod_barrio":"1012","link_foto":null,"cod_smf_cl_cont":null,"x_origen_nacional":4715328.9807000002,"y_origen_nacional":2247705.8468999998}},{"type":"Feature","id":433,"geometry":{"type":"Point","coordinates":[4715422.0264000008,2247914.3948000018]},"properties":{"OBJECTID":433,"id_cruce":252,"id_controlador":268,"direccion":"CR 50  CL 36","ubicacion":null,"cod_barrio":"1012","link_foto":null,"cod_smf_cl_cont":null,"x_origen_nacional":4715422.0263999999,"y_origen_nacional":2247914.3947999999}},{"type":"Feature","id":434,"geometry":{"type":"Point","coordinates":[4715453.8104999997,2247994.582299998]},"properties":{"OBJECTID":434,"id_cruce":253,"id_controlador":265,"direccion":"CR 50  CL 37","ubicacion":null,"cod_barrio":"1012","link_foto":null,"cod_smf_cl_cont":null,"x_origen_nacional":4715453.8104999997,"y_origen_nacional":2247994.5822999999}},{"type":"Feature","id":435,"geometry":{"type":"Point","coordinates":[4715490.6663000006,2248084.787800001]},"properties":{"OBJECTID":435,"id_cruce":254,"id_controlador":262,"direccion":"CR 50  CL 38","ubicacion":null,"cod_barrio":"1011","link_foto":null,"cod_smf_cl_cont":null,"x_origen_nacional":4715490.6662999997,"y_origen_nacional":2248084.7878}},{"type":"Feature","id":436,"geometry":{"type":"Point","coordinates":[4715619.8937000008,2248383.6542000026]},"properties":{"OBJECTID":436,"id_cruce":255,"id_controlador":340,"direccion":"CR 50  CL 41","ubicacion":null,"cod_barrio":"1013","link_foto":null,"cod_smf_cl_cont":null,"x_origen_nacional":4715619.8936999999,"y_origen_nacional":2248383.6542000002}},{"type":"Feature","id":437,"geometry":{"type":"Point","coordinates":[4715747.9357000003,2248683.2842999995]},"properties":{"OBJECTID":437,"id_cruce":257,"id_controlador":258,"direccion":"CR 50  CL 44","ubicacion":null,"cod_barrio":"1013","link_foto":null,"cod_smf_cl_cont":null,"x_origen_nacional":4715747.9357000003,"y_origen_nacional":2248683.2842999999}},{"type":"Feature","id":438,"geometry":{"type":"Point","coordinates":[4715851.8866000017,2248974.9652000014]},"properties":{"OBJECTID":438,"id_cruce":258,"id_controlador":333,"direccion":"CR 50  CL 46","ubicacion":null,"cod_barrio":"1019","link_foto":null,"cod_smf_cl_cont":null,"x_origen_nacional":4715851.8865999999,"y_origen_nacional":2248974.9652}},{"type":"Feature","id":439,"geometry":{"type":"Point","coordinates":[4715890.6398,2249074.4322999995]},"properties":{"OBJECTID":439,"id_cruce":259,"id_controlador":331,"direccion":"CR 50  CL 48","ubicacion":null,"cod_barrio":"1019","link_foto":null,"cod_smf_cl_cont":null,"x_origen_nacional":4715890.6398,"y_origen_nacional":2249074.4323}},{"type":"Feature","id":440,"geometry":{"type":"Point","coordinates":[4715923.5029999996,2249153.6920999996]},"properties":{"OBJECTID":440,"id_cruce":260,"id_controlador":331,"direccion":"CR 50  CL 49","ubicacion":null,"cod_barrio":"1019","link_foto":null,"cod_smf_cl_cont":null,"x_origen_nacional":4715923.5029999996,"y_origen_nacional":2249153.6921000001}},{"type":"Feature","id":441,"geometry":{"type":"Point","coordinates":[4715956.3574000001,2249231.1467000023]},"properties":{"OBJECTID":441,"id_cruce":261,"id_controlador":332,"direccion":"CR 50  CL 50","ubicacion":null,"cod_barrio":"1019","link_foto":null,"cod_smf_cl_cont":null,"x_origen_nacional":4715956.3574000001,"y_origen_nacional":2249231.1466999999}},{"type":"Feature","id":442,"geometry":{"type":"Point","coordinates":[4716098.7422000011,2249569.7917000018]},"properties":{"OBJECTID":442,"id_cruce":262,"id_controlador":347,"direccion":"CR 50  CL 53","ubicacion":null,"cod_barrio":"1019","link_foto":null,"cod_smf_cl_cont":null,"x_origen_nacional":4716098.7422000002,"y_origen_nacional":2249569.7916999999}},{"type":"Feature","id":443,"geometry":{"type":"Point","coordinates":[4716146.0126999998,2249643.5659000035]},"properties":{"OBJECTID":443,"id_cruce":263,"id_controlador":347,"direccion":"CR 50  CL 54","ubicacion":null,"cod_barrio":"1018","link_foto":null,"cod_smf_cl_cont":null,"x_origen_nacional":4716146.0126999998,"y_origen_nacional":2249643.5658999998}},{"type":"Feature","id":444,"geometry":{"type":"Point","coordinates":[4716242.3494000006,2249789.3002000004]},"properties":{"OBJECTID":444,"id_cruce":264,"id_controlador":348,"direccion":"CR 50  CL 56","ubicacion":null,"cod_barrio":"1018","link_foto":null,"cod_smf_cl_cont":null,"x_origen_nacional":4716242.3493999997,"y_origen_nacional":2249789.3001999999}},{"type":"Feature","id":445,"geometry":{"type":"Point","coordinates":[4716306.139200001,2249860.0725999996]},"properties":{"OBJECTID":445,"id_cruce":265,"id_controlador":349,"direccion":"CR 50  CL 57","ubicacion":null,"cod_barrio":"1018","link_foto":null,"cod_smf_cl_cont":null,"x_origen_nacional":4716306.1392000001,"y_origen_nacional":2249860.0726000001}},{"type":"Feature","id":446,"geometry":{"type":"Point","coordinates":[4716790.9604000002,2250810.6981000025]},"properties":{"OBJECTID":446,"id_cruce":266,"id_controlador":196,"direccion":"CR 50  CL 67","ubicacion":null,"cod_barrio":"0408","link_foto":null,"cod_smf_cl_cont":null,"x_origen_nacional":4716790.9604000002,"y_origen_nacional":2250810.6981000002}},{"type":"Feature","id":447,"geometry":{"type":"Point","coordinates":[4716052.7109000012,2249889.1557000019]},"properties":{"OBJECTID":447,"id_cruce":268,"id_controlador":315,"direccion":"CR 51 D  CL 56","ubicacion":null,"cod_barrio":"1005","link_foto":null,"cod_smf_cl_cont":null,"x_origen_nacional":4716052.7109000003,"y_origen_nacional":2249889.1557}},{"type":"Feature","id":448,"geometry":{"type":"Point","coordinates":[4715185.652400001,2247523.6690999996]},"properties":{"OBJECTID":448,"id_cruce":276,"id_controlador":272,"direccion":"CR 51  CL 32","ubicacion":"ARGOS","cod_barrio":"1012","link_foto":null,"cod_smf_cl_cont":null,"x_origen_nacional":4715185.6524,"y_origen_nacional":2247523.6691000001}},{"type":"Feature","id":449,"geometry":{"type":"Point","coordinates":[4715264.2530000014,2247737.1517000031]},"properties":{"OBJECTID":449,"id_cruce":277,"id_controlador":271,"direccion":"CR 51  CL 34","ubicacion":null,"cod_barrio":"1012","link_foto":null,"cod_smf_cl_cont":null,"x_origen_nacional":4715264.2529999996,"y_origen_nacional":2247737.1516999998}},{"type":"Feature","id":450,"geometry":{"type":"Point","coordinates":[4715291.4833999993,2247805.7803000007]},"properties":{"OBJECTID":450,"id_cruce":278,"id_controlador":341,"direccion":"CR 51  CL 35","ubicacion":null,"cod_barrio":"1012","link_foto":null,"cod_smf_cl_cont":null,"x_origen_nacional":4715291.4834000003,"y_origen_nacional":2247805.7803000002}},{"type":"Feature","id":451,"geometry":{"type":"Point","coordinates":[4715339.5657000002,2247943.4251000006]},"properties":{"OBJECTID":451,"id_cruce":279,"id_controlador":266,"direccion":"CR 51  CL 36","ubicacion":null,"cod_barrio":"1012","link_foto":null,"cod_smf_cl_cont":null,"x_origen_nacional":4715339.5657000002,"y_origen_nacional":2247943.4251000001}},{"type":"Feature","id":452,"geometry":{"type":"Point","coordinates":[4715372.7620999999,2248023.8575000018]},"properties":{"OBJECTID":452,"id_cruce":280,"id_controlador":264,"direccion":"CR 51  CL 37","ubicacion":null,"cod_barrio":"1012","link_foto":null,"cod_smf_cl_cont":null,"x_origen_nacional":4715372.7620999999,"y_origen_nacional":2248023.8574999999}},{"type":"Feature","id":453,"geometry":{"type":"Point","coordinates":[4715413.9281000011,2248104.1265999991]},"properties":{"OBJECTID":453,"id_cruce":281,"id_controlador":260,"direccion":"CR 51  CL 38","ubicacion":null,"cod_barrio":"1011","link_foto":null,"cod_smf_cl_cont":null,"x_origen_nacional":4715413.9281000001,"y_origen_nacional":2248104.1266000001}},{"type":"Feature","id":454,"geometry":{"type":"Point","coordinates":[4715529.8421000009,2248416.5834999997]},"properties":{"OBJECTID":454,"id_cruce":282,"id_controlador":338,"direccion":"CR 51  CL 41","ubicacion":null,"cod_barrio":"1011","link_foto":null,"cod_smf_cl_cont":null,"x_origen_nacional":4715529.8421,"y_origen_nacional":2248416.5835000002}},{"type":"Feature","id":455,"geometry":{"type":"Point","coordinates":[4715649.5803000014,2248718.4509999994]},"properties":{"OBJECTID":455,"id_cruce":283,"id_controlador":254,"direccion":"CR 51  CL 44","ubicacion":null,"cod_barrio":"1011","link_foto":null,"cod_smf_cl_cont":null,"x_origen_nacional":4715649.5802999996,"y_origen_nacional":2248718.4509999999}},{"type":"Feature","id":456,"geometry":{"type":"Point","coordinates":[4715692.8365999991,2248840.7470999993]},"properties":{"OBJECTID":456,"id_cruce":284,"id_controlador":337,"direccion":"CR 51  CL 45","ubicacion":null,"cod_barrio":"1007","link_foto":null,"cod_smf_cl_cont":null,"x_origen_nacional":4715692.8366,"y_origen_nacional":2248840.7470999998}},{"type":"Feature","id":457,"geometry":{"type":"Point","coordinates":[4715756.8206000002,2249011.9102999996]},"properties":{"OBJECTID":457,"id_cruce":285,"id_controlador":464,"direccion":"CR 51  CL 46","ubicacion":null,"cod_barrio":"1019","link_foto":null,"cod_smf_cl_cont":null,"x_origen_nacional":4715756.8206000002,"y_origen_nacional":2249011.9103000001}},{"type":"Feature","id":458,"geometry":{"type":"Point","coordinates":[4715795.1756999996,2249107.3884000015]},"properties":{"OBJECTID":458,"id_cruce":286,"id_controlador":329,"direccion":"CR 51  CL 48","ubicacion":null,"cod_barrio":"1019","link_foto":null,"cod_smf_cl_cont":null,"x_origen_nacional":4715795.1756999996,"y_origen_nacional":2249107.3884000001}},{"type":"Feature","id":459,"geometry":{"type":"Point","coordinates":[4715831.7002999997,2249197.4603000041]},"properties":{"OBJECTID":459,"id_cruce":287,"id_controlador":329,"direccion":"CR 51  CL 49","ubicacion":null,"cod_barrio":"1019","link_foto":null,"cod_smf_cl_cont":null,"x_origen_nacional":4715831.7002999997,"y_origen_nacional":2249197.4602999999}},{"type":"Feature","id":460,"geometry":{"type":"Point","coordinates":[4715864.5990000013,2249283.9398999996]},"properties":{"OBJECTID":460,"id_cruce":288,"id_controlador":330,"direccion":"CR 51  CL 50","ubicacion":null,"cod_barrio":"1019","link_foto":null,"cod_smf_cl_cont":null,"x_origen_nacional":4715864.5990000004,"y_origen_nacional":2249283.9399000001}},{"type":"Feature","id":461,"geometry":{"type":"Point","coordinates":[4716030.8616000004,2249709.1085999999]},"properties":{"OBJECTID":461,"id_cruce":289,"id_controlador":216,"direccion":"CR 51  CL 54","ubicacion":null,"cod_barrio":"1019","link_foto":null,"cod_smf_cl_cont":null,"x_origen_nacional":4716030.8616000004,"y_origen_nacional":2249709.1085999999}},{"type":"Feature","id":462,"geometry":{"type":"Point","coordinates":[4716101.7155999998,2249880.5623000041]},"properties":{"OBJECTID":462,"id_cruce":290,"id_controlador":315,"direccion":"CR 51  CL 56","ubicacion":null,"cod_barrio":"1018","link_foto":null,"cod_smf_cl_cont":null,"x_origen_nacional":4716101.7155999998,"y_origen_nacional":2249880.5622999999}},{"type":"Feature","id":463,"geometry":{"type":"Point","coordinates":[4716144.2821000004,2249967.3586000036]},"properties":{"OBJECTID":463,"id_cruce":291,"id_controlador":212,"direccion":"CR 51  CL 57","ubicacion":null,"cod_barrio":"1018","link_foto":null,"cod_smf_cl_cont":null,"x_origen_nacional":4716144.2821000004,"y_origen_nacional":2249967.3585999999}},{"type":"Feature","id":464,"geometry":{"type":"Point","coordinates":[4716192.2247000001,2250091.2072000019]},"properties":{"OBJECTID":464,"id_cruce":292,"id_controlador":213,"direccion":"CR 51  CL 58","ubicacion":null,"cod_barrio":"1001","link_foto":null,"cod_smf_cl_cont":null,"x_origen_nacional":4716192.2247000001,"y_origen_nacional":2250091.2072000001}},{"type":"Feature","id":465,"geometry":{"type":"Point","coordinates":[4716229.3387000011,2250202.0369000006]},"properties":{"OBJECTID":465,"id_cruce":293,"id_controlador":220,"direccion":"CR 51  CL 59","ubicacion":null,"cod_barrio":"1001","link_foto":null,"cod_smf_cl_cont":null,"x_origen_nacional":4716229.3387000002,"y_origen_nacional":2250202.0369000002}},{"type":"Feature","id":466,"geometry":{"type":"Point","coordinates":[4716285.0054000001,2250334.8906000014]},"properties":{"OBJECTID":466,"id_cruce":294,"id_controlador":214,"direccion":"CR 51  CL 61","ubicacion":null,"cod_barrio":"1001","link_foto":null,"cod_smf_cl_cont":null,"x_origen_nacional":4716285.0054000001,"y_origen_nacional":2250334.8906}},{"type":"Feature","id":467,"geometry":{"type":"Point","coordinates":[4716328.8975,2250455.6109999996]},"properties":{"OBJECTID":467,"id_cruce":295,"id_controlador":214,"direccion":"CR 51  CL 62","ubicacion":null,"cod_barrio":"1003","link_foto":null,"cod_smf_cl_cont":null,"x_origen_nacional":4716328.8975,"y_origen_nacional":2250455.611}},{"type":"Feature","id":468,"geometry":{"type":"Point","coordinates":[4716376.3540000021,2250567.2886999995]},"properties":{"OBJECTID":468,"id_cruce":296,"id_controlador":215,"direccion":"CR 51  CL 64","ubicacion":null,"cod_barrio":"1001","link_foto":null,"cod_smf_cl_cont":null,"x_origen_nacional":4716376.3540000003,"y_origen_nacional":2250567.2886999999}},{"type":"Feature","id":469,"geometry":{"type":"Point","coordinates":[4716488.164400002,2250908.0440000016]},"properties":{"OBJECTID":469,"id_cruce":297,"id_controlador":195,"direccion":"CR 51  CL 67","ubicacion":"Cost NORTE","cod_barrio":"0407","link_foto":null,"cod_smf_cl_cont":null,"x_origen_nacional":4716488.1644000001,"y_origen_nacional":2250908.0440000002}},{"type":"Feature","id":470,"geometry":{"type":"Point","coordinates":[4716560.8471000008,2251007.7574000023]},"properties":{"OBJECTID":470,"id_cruce":301,"id_controlador":191,"direccion":"CR 51  CL 68","ubicacion":null,"cod_barrio":"0407","link_foto":null,"cod_smf_cl_cont":null,"x_origen_nacional":4716560.8470999999,"y_origen_nacional":2251007.7574}},{"type":"Feature","id":471,"geometry":{"type":"Point","coordinates":[4715898.6318999995,2249603.7621000018]},"properties":{"OBJECTID":471,"id_cruce":302,"id_controlador":181,"direccion":"CR 52  CL 53","ubicacion":"AV DE GREIFF","cod_barrio":"1019","link_foto":null,"cod_smf_cl_cont":null,"x_origen_nacional":4715898.6319000004,"y_origen_nacional":2249603.7620999999}},{"type":"Feature","id":472,"geometry":{"type":"Point","coordinates":[4713608.446800001,2243737.3618000019]},"properties":{"OBJECTID":472,"id_cruce":303,"id_controlador":33,"direccion":"CR 52  CL 10 S","ubicacion":null,"cod_barrio":"1510","link_foto":null,"cod_smf_cl_cont":null,"x_origen_nacional":4713608.4468,"y_origen_nacional":2243737.3618000001}},{"type":"Feature","id":473,"geometry":{"type":"Point","coordinates":[4713476.7901999997,2243456.7629000004]},"properties":{"OBJECTID":473,"id_cruce":304,"id_controlador":34,"direccion":"CR 52  CL 12 A S","ubicacion":null,"cod_barrio":"1511","link_foto":null,"cod_smf_cl_cont":null,"x_origen_nacional":4713476.7901999997,"y_origen_nacional":2243456.7629}},{"type":"Feature","id":474,"geometry":{"type":"Point","coordinates":[4713501.1974000009,2243515.1522000022]},"properties":{"OBJECTID":474,"id_cruce":305,"id_controlador":34,"direccion":"CR 52  CL 12 S","ubicacion":null,"cod_barrio":"1511","link_foto":null,"cod_smf_cl_cont":null,"x_origen_nacional":4713501.1973999999,"y_origen_nacional":2243515.1521999999}},{"type":"Feature","id":475,"geometry":{"type":"Point","coordinates":[4713925.2649999997,2244532.4397999998]},"properties":{"OBJECTID":475,"id_cruce":307,"id_controlador":32,"direccion":"CR 52  CL 2 S","ubicacion":null,"cod_barrio":"1509","link_foto":null,"cod_smf_cl_cont":null,"x_origen_nacional":4713925.2649999997,"y_origen_nacional":2244532.4397999998}},{"type":"Feature","id":476,"geometry":{"type":"Point","coordinates":[4714520.7599000009,2245728.2792000007]},"properties":{"OBJECTID":476,"id_cruce":306,"id_controlador":30,"direccion":"CR 52  CL 14","ubicacion":null,"cod_barrio":"1507","link_foto":null,"cod_smf_cl_cont":null,"x_origen_nacional":4714520.7598999999,"y_origen_nacional":2245728.2792000002}},{"type":"Feature","id":477,"geometry":{"type":"Point","coordinates":[4714795.7329000002,2246641.4551000018]},"properties":{"OBJECTID":477,"id_cruce":309,"id_controlador":112,"direccion":"CR 52  CL 25","ubicacion":null,"cod_barrio":"1504","link_foto":null,"cod_smf_cl_cont":null,"x_origen_nacional":4714795.7329000002,"y_origen_nacional":2246641.4550999999}},{"type":"Feature","id":478,"geometry":{"type":"Point","coordinates":[4714989.5819000015,2247279.5747999996]},"properties":{"OBJECTID":478,"id_cruce":312,"id_controlador":462,"direccion":"CR 52  CL 30","ubicacion":"DEPRIMIDO MPLUS cl 29","cod_barrio":"1504","link_foto":null,"cod_smf_cl_cont":null,"x_origen_nacional":4714989.5818999996,"y_origen_nacional":2247279.5748000001}},{"type":"Feature","id":479,"geometry":{"type":"Point","coordinates":[4715274.0741000008,2247960.3085000031]},"properties":{"OBJECTID":479,"id_cruce":314,"id_controlador":266,"direccion":"CR 52  CL 36","ubicacion":null,"cod_barrio":"1012","link_foto":null,"cod_smf_cl_cont":null,"x_origen_nacional":4715274.0740999999,"y_origen_nacional":2247960.3084999998}},{"type":"Feature","id":480,"geometry":{"type":"Point","coordinates":[4715309.7293000016,2248047.629900001]},"properties":{"OBJECTID":480,"id_cruce":315,"id_controlador":264,"direccion":"CR 52  CL 37","ubicacion":null,"cod_barrio":"1012","link_foto":null,"cod_smf_cl_cont":null,"x_origen_nacional":4715309.7292999998,"y_origen_nacional":2248047.6299000001}},{"type":"Feature","id":481,"geometry":{"type":"Point","coordinates":[4715337.6729000015,2248126.9602000043]},"properties":{"OBJECTID":481,"id_cruce":316,"id_controlador":260,"direccion":"CR 52  CL 38","ubicacion":null,"cod_barrio":"1011","link_foto":null,"cod_smf_cl_cont":null,"x_origen_nacional":4715337.6728999997,"y_origen_nacional":2248126.9602000001}},{"type":"Feature","id":482,"geometry":{"type":"Point","coordinates":[4715448.820199999,2248451.2739000041]},"properties":{"OBJECTID":482,"id_cruce":317,"id_controlador":339,"direccion":"CR 52  CL 41","ubicacion":null,"cod_barrio":"Inst_17","link_foto":null,"cod_smf_cl_cont":null,"x_origen_nacional":4715448.8202,"y_origen_nacional":2248451.2738999999}},{"type":"Feature","id":483,"geometry":{"type":"Point","coordinates":[4715558.9117000001,2248756.565200001]},"properties":{"OBJECTID":483,"id_cruce":318,"id_controlador":255,"direccion":"CR 52  CL 44","ubicacion":null,"cod_barrio":"Inst_17","link_foto":null,"cod_smf_cl_cont":null,"x_origen_nacional":4715558.9117000001,"y_origen_nacional":2248756.5652000001}},{"type":"Feature","id":484,"geometry":{"type":"Point","coordinates":[4715604.6069,2248877.2777999993]},"properties":{"OBJECTID":484,"id_cruce":319,"id_controlador":337,"direccion":"CR 52  CL 45","ubicacion":null,"cod_barrio":"1007","link_foto":null,"cod_smf_cl_cont":null,"x_origen_nacional":4715604.6069,"y_origen_nacional":2248877.2777999998}},{"type":"Feature","id":485,"geometry":{"type":"Point","coordinates":[4715666.7692000018,2249044.8400000017]},"properties":{"OBJECTID":485,"id_cruce":320,"id_controlador":321,"direccion":"CR 52  CL 46","ubicacion":null,"cod_barrio":"1019","link_foto":null,"cod_smf_cl_cont":null,"x_origen_nacional":4715666.7692,"y_origen_nacional":2249044.8399999999}},{"type":"Feature","id":486,"geometry":{"type":"Point","coordinates":[4715701.5247,2249142.1408000011]},"properties":{"OBJECTID":486,"id_cruce":321,"id_controlador":320,"direccion":"CR 52  CL 48","ubicacion":null,"cod_barrio":"1019","link_foto":null,"cod_smf_cl_cont":null,"x_origen_nacional":4715701.5247,"y_origen_nacional":2249142.1408000002}},{"type":"Feature","id":487,"geometry":{"type":"Point","coordinates":[4715729.0196000002,2249230.4517000001]},"properties":{"OBJECTID":487,"id_cruce":322,"id_controlador":320,"direccion":"CR 52  CL 49","ubicacion":null,"cod_barrio":"1019","link_foto":null,"cod_smf_cl_cont":null,"x_origen_nacional":4715729.0196000002,"y_origen_nacional":2249230.4517000001}},{"type":"Feature","id":488,"geometry":{"type":"Point","coordinates":[4715774.6357000005,2249334.9192999993]},"properties":{"OBJECTID":488,"id_cruce":323,"id_controlador":319,"direccion":"CR 52  CL 50","ubicacion":null,"cod_barrio":"1019","link_foto":null,"cod_smf_cl_cont":null,"x_origen_nacional":4715774.6357000005,"y_origen_nacional":2249334.9193000002}},{"type":"Feature","id":489,"geometry":{"type":"Point","coordinates":[4715926.5444999998,2249776.403400002]},"properties":{"OBJECTID":489,"id_cruce":325,"id_controlador":314,"direccion":"CR 52  CL 54","ubicacion":null,"cod_barrio":"1019","link_foto":null,"cod_smf_cl_cont":null,"x_origen_nacional":4715926.5444999998,"y_origen_nacional":2249776.4034000002}},{"type":"Feature","id":490,"geometry":{"type":"Point","coordinates":[4715969.4075000007,2249995.2884]},"properties":{"OBJECTID":490,"id_cruce":326,"id_controlador":182,"direccion":"CR 52  CL 57","ubicacion":null,"cod_barrio":"1005","link_foto":null,"cod_smf_cl_cont":null,"x_origen_nacional":4715969.4074999997,"y_origen_nacional":2249995.2884}},{"type":"Feature","id":491,"geometry":{"type":"Point","coordinates":[4715989.2731999997,2250078.5960000008]},"properties":{"OBJECTID":491,"id_cruce":327,"id_controlador":182,"direccion":"CR 52  CL 57 B","ubicacion":null,"cod_barrio":"1005","link_foto":null,"cod_smf_cl_cont":null,"x_origen_nacional":4715989.2731999997,"y_origen_nacional":2250078.5959999999}},{"type":"Feature","id":492,"geometry":{"type":"Point","coordinates":[4715996.205000001,2250116.4887000006]},"properties":{"OBJECTID":492,"id_cruce":328,"id_controlador":182,"direccion":"CR 52  CL 58","ubicacion":null,"cod_barrio":"1003","link_foto":null,"cod_smf_cl_cont":null,"x_origen_nacional":4715996.2050000001,"y_origen_nacional":2250116.4887000001}},{"type":"Feature","id":493,"geometry":{"type":"Point","coordinates":[4716009.7973000007,2250190.8279000018]},"properties":{"OBJECTID":493,"id_cruce":329,"id_controlador":219,"direccion":"CR 52  CL 59","ubicacion":null,"cod_barrio":"1003","link_foto":null,"cod_smf_cl_cont":null,"x_origen_nacional":4716009.7972999997,"y_origen_nacional":2250190.8278999999}},{"type":"Feature","id":494,"geometry":{"type":"Point","coordinates":[4716043.4906000011,2250386.6118999999]},"properties":{"OBJECTID":494,"id_cruce":330,"id_controlador":183,"direccion":"CR 52  CL 61","ubicacion":null,"cod_barrio":"1003","link_foto":null,"cod_smf_cl_cont":null,"x_origen_nacional":4716043.4906000001,"y_origen_nacional":2250386.6118999999}},{"type":"Feature","id":495,"geometry":{"type":"Point","coordinates":[4716063.9369999999,2250509.2518999986]},"properties":{"OBJECTID":495,"id_cruce":331,"id_controlador":184,"direccion":"CR 52  CL 62","ubicacion":null,"cod_barrio":"1003","link_foto":null,"cod_smf_cl_cont":null,"x_origen_nacional":4716063.9369999999,"y_origen_nacional":2250509.2519}},{"type":"Feature","id":496,"geometry":{"type":"Point","coordinates":[4716089.7078000009,2250613.8161000013]},"properties":{"OBJECTID":496,"id_cruce":332,"id_controlador":184,"direccion":"CR 52  CL 64","ubicacion":null,"cod_barrio":"1003","link_foto":null,"cod_smf_cl_cont":null,"x_origen_nacional":4716089.7078,"y_origen_nacional":2250613.8160999999}},{"type":"Feature","id":497,"geometry":{"type":"Point","coordinates":[4716134.3246000009,2250882.5430999994]},"properties":{"OBJECTID":497,"id_cruce":333,"id_controlador":185,"direccion":"CR 52  CL 67","ubicacion":null,"cod_barrio":"1003","link_foto":null,"cod_smf_cl_cont":null,"x_origen_nacional":4716134.3245999999,"y_origen_nacional":2250882.5430999999}},{"type":"Feature","id":498,"geometry":{"type":"Point","coordinates":[4716181.748800002,2251102.7204999998]},"properties":{"OBJECTID":498,"id_cruce":334,"id_controlador":188,"direccion":"CR 52  CL 68","ubicacion":null,"cod_barrio":"0407","link_foto":null,"cod_smf_cl_cont":null,"x_origen_nacional":4716181.7488000002,"y_origen_nacional":2251102.7204999998}},{"type":"Feature","id":499,"geometry":{"type":"Point","coordinates":[4716201.5953000011,2251203.2121000011]},"properties":{"OBJECTID":499,"id_cruce":335,"id_controlador":188,"direccion":"CR 52  CL 70","ubicacion":null,"cod_barrio":"0407","link_foto":null,"cod_smf_cl_cont":null,"x_origen_nacional":4716201.5953000002,"y_origen_nacional":2251203.2121000001}},{"type":"Feature","id":500,"geometry":{"type":"Point","coordinates":[4716237.2632000009,2251437.0868000016]},"properties":{"OBJECTID":500,"id_cruce":336,"id_controlador":190,"direccion":"CR 52  CL 73","ubicacion":null,"cod_barrio":"Inst_9","link_foto":null,"cod_smf_cl_cont":null,"x_origen_nacional":4716237.2631999999,"y_origen_nacional":2251437.0868000002}},{"type":"Feature","id":501,"geometry":{"type":"Point","coordinates":[4716290.2612000005,2251754.5471000019]},"properties":{"OBJECTID":501,"id_cruce":337,"id_controlador":192,"direccion":"CR 52  CL 77","ubicacion":null,"cod_barrio":"Inst_9","link_foto":null,"cod_smf_cl_cont":null,"x_origen_nacional":4716290.2611999996,"y_origen_nacional":2251754.5471000001}},{"type":"Feature","id":502,"geometry":{"type":"Point","coordinates":[4716349.3489000006,2252030.4224000014]},"properties":{"OBJECTID":502,"id_cruce":338,"id_controlador":193,"direccion":"CR 52  CL 80","ubicacion":null,"cod_barrio":"0415","link_foto":null,"cod_smf_cl_cont":null,"x_origen_nacional":4716349.3488999996,"y_origen_nacional":2252030.4224}},{"type":"Feature","id":503,"geometry":{"type":"Point","coordinates":[4716388.1501000002,2252269.4169000015]},"properties":{"OBJECTID":503,"id_cruce":339,"id_controlador":194,"direccion":"CR 52  CL 82","ubicacion":"Cuatro Bocas","cod_barrio":"0404","link_foto":null,"cod_smf_cl_cont":null,"x_origen_nacional":4716388.1501000002,"y_origen_nacional":2252269.4169000001}},{"type":"Feature","id":504,"geometry":{"type":"Point","coordinates":[4713655.6298000002,2243891.8826000001]},"properties":{"OBJECTID":504,"id_cruce":340,"id_controlador":33,"direccion":"CR 52  CL 9 S","ubicacion":null,"cod_barrio":"1511","link_foto":null,"cod_smf_cl_cont":null,"x_origen_nacional":4713655.6298000002,"y_origen_nacional":2243891.8826000001}},{"type":"Feature","id":505,"geometry":{"type":"Point","coordinates":[4715799.0474000014,2249643.2810000014]},"properties":{"OBJECTID":505,"id_cruce":342,"id_controlador":225,"direccion":"CR 53   CL 53","ubicacion":"AV GREIFF","cod_barrio":"1005","link_foto":null,"cod_smf_cl_cont":null,"x_origen_nacional":4715799.0473999996,"y_origen_nacional":2249643.281}},{"type":"Feature","id":506,"geometry":{"type":"Point","coordinates":[4715562.3193000006,2249085.0601000004]},"properties":{"OBJECTID":506,"id_cruce":344,"id_controlador":321,"direccion":"CR 53  CL 46","ubicacion":null,"cod_barrio":"1007","link_foto":null,"cod_smf_cl_cont":null,"x_origen_nacional":4715562.3192999996,"y_origen_nacional":2249085.0600999999}},{"type":"Feature","id":507,"geometry":{"type":"Point","coordinates":[4715637.1816000007,2249267.0002999995]},"properties":{"OBJECTID":507,"id_cruce":345,"id_controlador":323,"direccion":"CR 53  CL 49","ubicacion":null,"cod_barrio":"1007","link_foto":null,"cod_smf_cl_cont":null,"x_origen_nacional":4715637.1815999998,"y_origen_nacional":2249267.0003}},{"type":"Feature","id":508,"geometry":{"type":"Point","coordinates":[4715688.2369999997,2249376.8564000018]},"properties":{"OBJECTID":508,"id_cruce":346,"id_controlador":322,"direccion":"CR 53  CL 50","ubicacion":null,"cod_barrio":"1006","link_foto":null,"cod_smf_cl_cont":null,"x_origen_nacional":4715688.2369999997,"y_origen_nacional":2249376.8563999999}},{"type":"Feature","id":509,"geometry":{"type":"Point","coordinates":[4715724.6824000012,2249450.6837000027]},"properties":{"OBJECTID":509,"id_cruce":347,"id_controlador":322,"direccion":"CR 53  CL 51","ubicacion":null,"cod_barrio":"1006","link_foto":null,"cod_smf_cl_cont":null,"x_origen_nacional":4715724.6824000003,"y_origen_nacional":2249450.6836999999}},{"type":"Feature","id":510,"geometry":{"type":"Point","coordinates":[4715759.3589000003,2249531.7394999992]},"properties":{"OBJECTID":510,"id_cruce":348,"id_controlador":318,"direccion":"CR 53  CL 52","ubicacion":null,"cod_barrio":"1006","link_foto":null,"cod_smf_cl_cont":null,"x_origen_nacional":4715759.3589000003,"y_origen_nacional":2249531.7395000001}},{"type":"Feature","id":511,"geometry":{"type":"Point","coordinates":[4712595.9056000002,2247465.5925000012]},"properties":{"OBJECTID":511,"id_cruce":515,"id_controlador":385,"direccion":"CR 78  CL 32","ubicacion":"Sur  ","cod_barrio":"1603","link_foto":null,"cod_smf_cl_cont":null,"x_origen_nacional":4712595.9056000002,"y_origen_nacional":2247465.5924999998}},{"type":"Feature","id":512,"geometry":{"type":"Point","coordinates":[4712601.4859000007,2247515.6130999997]},"properties":{"OBJECTID":512,"id_cruce":516,"id_controlador":385,"direccion":"CR 78  CL 32","ubicacion":"Norte","cod_barrio":"1620","link_foto":null,"cod_smf_cl_cont":null,"x_origen_nacional":4712601.4858999997,"y_origen_nacional":2247515.6131000002}},{"type":"Feature","id":513,"geometry":{"type":"Point","coordinates":[4712587.0411999989,2248093.8490999993]},"properties":{"OBJECTID":513,"id_cruce":517,"id_controlador":99,"direccion":"CR 78  CL 33","ubicacion":null,"cod_barrio":"1620","link_foto":null,"cod_smf_cl_cont":null,"x_origen_nacional":4712587.0411999999,"y_origen_nacional":2248093.8491000002}},{"type":"Feature","id":514,"geometry":{"type":"Point","coordinates":[4712755.2554000011,2249331.6319000013]},"properties":{"OBJECTID":514,"id_cruce":518,"id_controlador":127,"direccion":"CR 78  CL 44","ubicacion":null,"cod_barrio":"1111","link_foto":null,"cod_smf_cl_cont":null,"x_origen_nacional":4712755.2554000001,"y_origen_nacional":2249331.6318999999}},{"type":"Feature","id":515,"geometry":{"type":"Point","coordinates":[4712758.0746000018,2249392.9896000028]},"properties":{"OBJECTID":515,"id_cruce":519,"id_controlador":127,"direccion":"CR 78  CL 44 A","ubicacion":null,"cod_barrio":"1203","link_foto":null,"cod_smf_cl_cont":null,"x_origen_nacional":4712758.0745999999,"y_origen_nacional":2249392.9896}},{"type":"Feature","id":516,"geometry":{"type":"Point","coordinates":[4713299.0563000012,2251854.9495999999]},"properties":{"OBJECTID":516,"id_cruce":521,"id_controlador":180,"direccion":"CR 78  CL 65","ubicacion":"Col. Mayor","cod_barrio":"Inst_5","link_foto":null,"cod_smf_cl_cont":null,"x_origen_nacional":4713299.0563000003,"y_origen_nacional":2251854.9495999999}},{"type":"Feature","id":517,"geometry":{"type":"Point","coordinates":[4712874.0675000008,2250201.0821000002]},"properties":{"OBJECTID":517,"id_cruce":520,"id_controlador":141,"direccion":"CR 78  CL 47 D","ubicacion":null,"cod_barrio":"1112","link_foto":null,"cod_smf_cl_cont":null,"x_origen_nacional":4712874.0674999999,"y_origen_nacional":2250201.0821000002}},{"type":"Feature","id":518,"geometry":{"type":"Point","coordinates":[4712441.3176000006,2249333.1649999991]},"properties":{"OBJECTID":518,"id_cruce":522,"id_controlador":126,"direccion":"CR 79 AA  CL 44","ubicacion":null,"cod_barrio":"1111","link_foto":null,"cod_smf_cl_cont":null,"x_origen_nacional":4712441.3175999997,"y_origen_nacional":2249333.165}},{"type":"Feature","id":519,"geometry":{"type":"Point","coordinates":[4712651.2416000022,2249092.0687000025]},"properties":{"OBJECTID":519,"id_cruce":523,"id_controlador":133,"direccion":"CR 79  TV 39 B","ubicacion":"CR 79 x AV NUTIBARA","cod_barrio":"1111","link_foto":null,"cod_smf_cl_cont":null,"x_origen_nacional":4712651.2416000003,"y_origen_nacional":2249092.0687000002}},{"type":"Feature","id":520,"geometry":{"type":"Point","coordinates":[4712469.8856000006,2246047.4140000008]},"properties":{"OBJECTID":520,"id_cruce":527,"id_controlador":83,"direccion":"CR 80  CL 11","ubicacion":null,"cod_barrio":"1611","link_foto":null,"cod_smf_cl_cont":null,"x_origen_nacional":4712469.8855999997,"y_origen_nacional":2246047.4139999999}},{"type":"Feature","id":521,"geometry":{"type":"Point","coordinates":[4712376.2880000016,2246614.2968000006]},"properties":{"OBJECTID":521,"id_cruce":529,"id_controlador":82,"direccion":"CR 80  CL 20 A","ubicacion":null,"cod_barrio":"1612","link_foto":null,"cod_smf_cl_cont":null,"x_origen_nacional":4712376.2879999997,"y_origen_nacional":2246614.2968000001}},{"type":"Feature","id":522,"geometry":{"type":"Point","coordinates":[4712225.4691000013,2246766.6545999981]},"properties":{"OBJECTID":522,"id_cruce":530,"id_controlador":81,"direccion":"CR 80  CL 21","ubicacion":null,"cod_barrio":"1612","link_foto":null,"cod_smf_cl_cont":null,"x_origen_nacional":4712225.4691000003,"y_origen_nacional":2246766.6546}},{"type":"Feature","id":523,"geometry":{"type":"Point","coordinates":[4712189.6300999997,2246817.3703000005]},"properties":{"OBJECTID":523,"id_cruce":531,"id_controlador":81,"direccion":"CR 80  CL 25","ubicacion":null,"cod_barrio":"1614","link_foto":null,"cod_smf_cl_cont":null,"x_origen_nacional":4712189.6300999997,"y_origen_nacional":2246817.3703000001}},{"type":"Feature","id":524,"geometry":{"type":"Point","coordinates":[4712162.7860000012,2247328.7938000001]},"properties":{"OBJECTID":524,"id_cruce":533,"id_controlador":69,"direccion":"CR 80  CL 30 A","ubicacion":null,"cod_barrio":"1603","link_foto":null,"cod_smf_cl_cont":null,"x_origen_nacional":4712162.7860000003,"y_origen_nacional":2247328.7938000001}},{"type":"Feature","id":525,"geometry":{"type":"Point","coordinates":[4712158.5998000018,2247526.3441000041]},"properties":{"OBJECTID":525,"id_cruce":534,"id_controlador":79,"direccion":"CR 80  CL 31 A","ubicacion":"SUR MIMOS","cod_barrio":"1603","link_foto":null,"cod_smf_cl_cont":null,"x_origen_nacional":4712158.5998,"y_origen_nacional":2247526.3440999999}},{"type":"Feature","id":526,"geometry":{"type":"Point","coordinates":[4712156.8300999999,2247581.4837999996]},"properties":{"OBJECTID":526,"id_cruce":535,"id_controlador":79,"direccion":"CR 80  CL 32","ubicacion":"NORTE MIMOS","cod_barrio":"1618","link_foto":null,"cod_smf_cl_cont":null,"x_origen_nacional":4712156.8300999999,"y_origen_nacional":2247581.4838}},{"type":"Feature","id":527,"geometry":{"type":"Point","coordinates":[4712384.6753000021,2248088.1543000024]},"properties":{"OBJECTID":527,"id_cruce":536,"id_controlador":78,"direccion":"CR 80  CL 33","ubicacion":null,"cod_barrio":"1620","link_foto":null,"cod_smf_cl_cont":null,"x_origen_nacional":4712384.6753000002,"y_origen_nacional":2248088.1543000001}},{"type":"Feature","id":528,"geometry":{"type":"Point","coordinates":[4712386.7171999998,2248506.9153000023]},"properties":{"OBJECTID":528,"id_cruce":537,"id_controlador":77,"direccion":"AV 80  TV 35","ubicacion":null,"cod_barrio":"1109","link_foto":"secretaria_movilidad/images/cruces/537/imagen.jpg","cod_smf_cl_cont":"E1","x_origen_nacional":4712386.7171999998,"y_origen_nacional":2248506.9153}},{"type":"Feature","id":529,"geometry":{"type":"Point","coordinates":[4712521.4971000012,2249791.2554000001]},"properties":{"OBJECTID":529,"id_cruce":538,"id_controlador":377,"direccion":"CR 80  CL 45 G","ubicacion":null,"cod_barrio":"1204","link_foto":null,"cod_smf_cl_cont":null,"x_origen_nacional":4712521.4971000003,"y_origen_nacional":2249791.2554000001}},{"type":"Feature","id":530,"geometry":{"type":"Point","coordinates":[4712600.1733999997,2250014.6965000015]},"properties":{"OBJECTID":530,"id_cruce":539,"id_controlador":376,"direccion":"CR 80  CL 46","ubicacion":null,"cod_barrio":"1205","link_foto":null,"cod_smf_cl_cont":null,"x_origen_nacional":4712600.1733999997,"y_origen_nacional":2250014.6965000001}},{"type":"Feature","id":531,"geometry":{"type":"Point","coordinates":[4712652.3932999987,2250252.7073999979]},"properties":{"OBJECTID":531,"id_cruce":540,"id_controlador":140,"direccion":"CR 80  CL 47 D","ubicacion":null,"cod_barrio":"1205","link_foto":null,"cod_smf_cl_cont":null,"x_origen_nacional":4712652.3932999996,"y_origen_nacional":2250252.7074000002}},{"type":"Feature","id":532,"geometry":{"type":"Point","coordinates":[4712665.3054999998,2250310.4057]},"properties":{"OBJECTID":532,"id_cruce":541,"id_controlador":140,"direccion":"CR 80  CL 48","ubicacion":null,"cod_barrio":"1202","link_foto":null,"cod_smf_cl_cont":null,"x_origen_nacional":4712665.3054999998,"y_origen_nacional":2250310.4057}},{"type":"Feature","id":533,"geometry":{"type":"Point","coordinates":[4712759.1514000008,2250807.4103000034]},"properties":{"OBJECTID":533,"id_cruce":542,"id_controlador":139,"direccion":"CR 80  CL 50","ubicacion":null,"cod_barrio":"1202","link_foto":null,"cod_smf_cl_cont":null,"x_origen_nacional":4712759.1513999999,"y_origen_nacional":2250807.4103000001}},{"type":"Feature","id":534,"geometry":{"type":"Point","coordinates":[4712923.6861000014,2251400.8095999993]},"properties":{"OBJECTID":534,"id_cruce":543,"id_controlador":169,"direccion":"CR 80  CL 54 A","ubicacion":null,"cod_barrio":"1114","link_foto":null,"cod_smf_cl_cont":null,"x_origen_nacional":4712923.6860999996,"y_origen_nacional":2251400.8095999998}},{"type":"Feature","id":535,"geometry":{"type":"Point","coordinates":[4712934.7768000001,2251454.9065000005]},"properties":{"OBJECTID":535,"id_cruce":544,"id_controlador":169,"direccion":"CR 80  CL 55","ubicacion":null,"cod_barrio":"1114","link_foto":null,"cod_smf_cl_cont":null,"x_origen_nacional":4712934.7768000001,"y_origen_nacional":2251454.9065}},{"type":"Feature","id":536,"geometry":{"type":"Point","coordinates":[4713519.8096000021,2252210.5382000022]},"properties":{"OBJECTID":536,"id_cruce":547,"id_controlador":281,"direccion":"CR 80  CL 75","ubicacion":"Linda Pinta","cod_barrio":"0716","link_foto":null,"cod_smf_cl_cont":null,"x_origen_nacional":4713519.8096000003,"y_origen_nacional":2252210.5381999998}},{"type":"Feature","id":537,"geometry":{"type":"Point","coordinates":[4712105.1379000004,2248645.4026000015]},"properties":{"OBJECTID":537,"id_cruce":6,"id_controlador":115,"direccion":"AV 80  CL 35","ubicacion":"NORTE  DON QUIJOTE","cod_barrio":"1109","link_foto":null,"cod_smf_cl_cont":null,"x_origen_nacional":4712105.1379000004,"y_origen_nacional":2248645.4026000001}},{"type":"Feature","id":538,"geometry":{"type":"Point","coordinates":[4712101.0608000001,2248510.185800001]},"properties":{"OBJECTID":538,"id_cruce":8,"id_controlador":115,"direccion":"AV 80  CL 35","ubicacion":"SUR","cod_barrio":"1109","link_foto":null,"cod_smf_cl_cont":null,"x_origen_nacional":4712101.0608000001,"y_origen_nacional":2248510.1858000001}},{"type":"Feature","id":539,"geometry":{"type":"Point","coordinates":[4712037.548200001,2248590.0322999991]},"properties":{"OBJECTID":539,"id_cruce":7,"id_controlador":115,"direccion":"AV 80  CL 35","ubicacion":"OCCIDENTAL DON QUIJOTE","cod_barrio":"1110","link_foto":null,"cod_smf_cl_cont":null,"x_origen_nacional":4712037.5482000001,"y_origen_nacional":2248590.0323000001}},{"type":"Feature","id":540,"geometry":{"type":"Point","coordinates":[4712170.5317000002,2249441.5618000031]},"properties":{"OBJECTID":540,"id_cruce":11,"id_controlador":124,"direccion":"AV 80  CL 44","ubicacion":"Cost NORTE","cod_barrio":"1203","link_foto":null,"cod_smf_cl_cont":null,"x_origen_nacional":4712170.5317000002,"y_origen_nacional":2249441.5617999998}},{"type":"Feature","id":541,"geometry":{"type":"Point","coordinates":[4712095.7573000016,2249396.2244000025]},"properties":{"OBJECTID":541,"id_cruce":12,"id_controlador":124,"direccion":"AV 80  CL 44","ubicacion":"Cost OCCIDENTAL","cod_barrio":"1204","link_foto":null,"cod_smf_cl_cont":null,"x_origen_nacional":4712095.7572999997,"y_origen_nacional":2249396.2244000002}},{"type":"Feature","id":542,"geometry":{"type":"Point","coordinates":[4712156.3573000003,2249323.1934999973]},"properties":{"OBJECTID":542,"id_cruce":13,"id_controlador":124,"direccion":"AV 80  CL 44","ubicacion":"Cost SUR","cod_barrio":"1111","link_foto":null,"cod_smf_cl_cont":null,"x_origen_nacional":4712156.3573000003,"y_origen_nacional":2249323.1935000001}},{"type":"Feature","id":543,"geometry":{"type":"Point","coordinates":[4712222.1454000007,2249381.060200002]},"properties":{"OBJECTID":543,"id_cruce":10,"id_controlador":124,"direccion":"AV 80  CL 44","ubicacion":" Cost ORIENTAL","cod_barrio":"1111","link_foto":null,"cod_smf_cl_cont":null,"x_origen_nacional":4712222.1453999998,"y_origen_nacional":2249381.0602000002}},{"type":"Feature","id":544,"geometry":{"type":"Point","coordinates":[4712308.516900002,2249339.2686999999]},"properties":{"OBJECTID":544,"id_cruce":525,"id_controlador":125,"direccion":"CR 80 A  CL 44","ubicacion":"Consumo","cod_barrio":"1111","link_foto":null,"cod_smf_cl_cont":null,"x_origen_nacional":4712308.5169000002,"y_origen_nacional":2249339.2686999999}},{"type":"Feature","id":545,"geometry":{"type":"Point","coordinates":[4715482.6716000009,2252636.5596000012]},"properties":{"OBJECTID":545,"id_cruce":584,"id_controlador":310,"direccion":"CR 65  CL 81 C","ubicacion":"PASO SEGURO ANFITEATRO","cod_barrio":"Inst_4","link_foto":null,"cod_smf_cl_cont":null,"x_origen_nacional":4715482.6716,"y_origen_nacional":2252636.5595999998}},{"type":"Feature","id":546,"geometry":{"type":"Point","coordinates":[4714948.7214000002,2244560.1904000025]},"properties":{"OBJECTID":546,"id_cruce":585,"id_controlador":60,"direccion":"CR 48 B  CL 5","ubicacion":"PASO SEGURO INEM","cod_barrio":"1421","link_foto":null,"cod_smf_cl_cont":null,"x_origen_nacional":4714948.7214000002,"y_origen_nacional":2244560.1904000002}},{"type":"Feature","id":547,"geometry":{"type":"Point","coordinates":[4714665.4346000003,2246300.793800002]},"properties":{"OBJECTID":547,"id_cruce":591,"id_controlador":57,"direccion":"CR 52  CL 21 A","ubicacion":"PASO SEGURO ZOOLOGICO","cod_barrio":"1504","link_foto":null,"cod_smf_cl_cont":null,"x_origen_nacional":4714665.4346000003,"y_origen_nacional":2246300.7938000001}},{"type":"Feature","id":548,"geometry":{"type":"Point","coordinates":[4715369.6419000011,2247133.8065000009]},"properties":{"OBJECTID":548,"id_cruce":145,"id_controlador":275,"direccion":"CR 45  CL 29","ubicacion":null,"cod_barrio":"1012","link_foto":null,"cod_smf_cl_cont":null,"x_origen_nacional":4715369.6419000002,"y_origen_nacional":2247133.8064999999}},{"type":"Feature","id":549,"geometry":{"type":"Point","coordinates":[4715291.3352000006,2247413.5246000011]},"properties":{"OBJECTID":549,"id_cruce":217,"id_controlador":273,"direccion":"CR 48  CL 31","ubicacion":"Tierragro","cod_barrio":"1012","link_foto":null,"cod_smf_cl_cont":null,"x_origen_nacional":4715291.3351999996,"y_origen_nacional":2247413.5246000001}},{"type":"Feature","id":550,"geometry":{"type":"Point","coordinates":[4715207.401800001,2247407.900700001]},"properties":{"OBJECTID":550,"id_cruce":249,"id_controlador":273,"direccion":"CR 50  CL 31","ubicacion":"Tierragro","cod_barrio":"1012","link_foto":null,"cod_smf_cl_cont":null,"x_origen_nacional":4715207.4018000001,"y_origen_nacional":2247407.9007000001}},{"type":"Feature","id":551,"geometry":{"type":"Point","coordinates":[4715157.7154000001,2247631.113499999]},"properties":{"OBJECTID":551,"id_cruce":313,"id_controlador":272,"direccion":"CR 52  CL 32","ubicacion":"ARGOS","cod_barrio":"1012","link_foto":null,"cod_smf_cl_cont":null,"x_origen_nacional":4715157.7154000001,"y_origen_nacional":2247631.1135}},{"type":"Feature","id":552,"geometry":{"type":"Point","coordinates":[4714846.4854000015,2247393.7590000015]},"properties":{"OBJECTID":552,"id_cruce":341,"id_controlador":119,"direccion":"CR 53  CL 30 A","ubicacion":null,"cod_barrio":"Inst_18","link_foto":null,"cod_smf_cl_cont":null,"x_origen_nacional":4714846.4853999997,"y_origen_nacional":2247393.7590000001}},{"type":"Feature","id":553,"geometry":{"type":"Point","coordinates":[4713851.0543999989,2248140.9109000005]},"properties":{"OBJECTID":553,"id_cruce":434,"id_controlador":103,"direccion":"CR 66 A  CL 33","ubicacion":"LAT OCCIDENTAL","cod_barrio":"1105","link_foto":null,"cod_smf_cl_cont":null,"x_origen_nacional":4713851.0543999998,"y_origen_nacional":2248140.9109}},{"type":"Feature","id":554,"geometry":{"type":"Point","coordinates":[4713788.9765999997,2248132.3405000027]},"properties":{"OBJECTID":554,"id_cruce":441,"id_controlador":102,"direccion":"CR 66 B  CL 33","ubicacion":null,"cod_barrio":"1602","link_foto":null,"cod_smf_cl_cont":null,"x_origen_nacional":4713788.9765999997,"y_origen_nacional":2248132.3404999999}},{"type":"Feature","id":555,"geometry":{"type":"Point","coordinates":[4713358.5965000009,2246975.0066999998]},"properties":{"OBJECTID":555,"id_cruce":460,"id_controlador":94,"direccion":"CR 70  CL 26 B","ubicacion":null,"cod_barrio":"Inst_19","link_foto":null,"cod_smf_cl_cont":null,"x_origen_nacional":4713358.5965,"y_origen_nacional":2246975.0066999998}},{"type":"Feature","id":556,"geometry":{"type":"Point","coordinates":[4717263.0757000009,2250916.6076999996]},"properties":{"OBJECTID":556,"id_cruce":183,"id_controlador":200,"direccion":"CR 46  CL 69","ubicacion":null,"cod_barrio":"0409","link_foto":null,"cod_smf_cl_cont":null,"x_origen_nacional":4717263.0756999999,"y_origen_nacional":2250916.6077000001}},{"type":"Feature","id":557,"geometry":{"type":"Point","coordinates":[4717269.5358000007,2251148.9686000012]},"properties":{"OBJECTID":557,"id_cruce":184,"id_controlador":201,"direccion":"CR 46  CL 71 A","ubicacion":null,"cod_barrio":"0409","link_foto":null,"cod_smf_cl_cont":null,"x_origen_nacional":4717269.5357999997,"y_origen_nacional":2251148.9685999998}},{"type":"Feature","id":558,"geometry":{"type":"Point","coordinates":[4714891.4117999999,2243975.4167000018]},"properties":{"OBJECTID":558,"id_cruce":222,"id_controlador":384,"direccion":"CR 48  CL 4 S","ubicacion":"EAFIT","cod_barrio":"1422","link_foto":null,"cod_smf_cl_cont":null,"x_origen_nacional":4714891.4117999999,"y_origen_nacional":2243975.4166999999}},{"type":"Feature","id":559,"geometry":{"type":"Point","coordinates":[4712830.5727000013,2247061.1900000013]},"properties":{"OBJECTID":559,"id_cruce":498,"id_controlador":91,"direccion":"CR 76  CL 28","ubicacion":null,"cod_barrio":"1603","link_foto":null,"cod_smf_cl_cont":null,"x_origen_nacional":4712830.5727000004,"y_origen_nacional":2247061.1899999999}},{"type":"Feature","id":560,"geometry":{"type":"Point","coordinates":[4716030.8435000004,2249404.3391999993]},"properties":{"OBJECTID":560,"id_cruce":248,"id_controlador":358,"direccion":"CR 50  CL 52","ubicacion":"Av 1 de Mayo","cod_barrio":"1019","link_foto":null,"cod_smf_cl_cont":null,"x_origen_nacional":4716030.8435000004,"y_origen_nacional":2249404.3391999998}},{"type":"Feature","id":561,"geometry":{"type":"Point","coordinates":[4712176.3748000003,2247044.4924999997]},"properties":{"OBJECTID":561,"id_cruce":532,"id_controlador":80,"direccion":"CR 80  CL 28","ubicacion":null,"cod_barrio":"1614","link_foto":null,"cod_smf_cl_cont":null,"x_origen_nacional":4712176.3748000003,"y_origen_nacional":2247044.4925000002}},{"type":"Feature","id":562,"geometry":{"type":"Point","coordinates":[4713583.9329000022,2252359.9992999993]},"properties":{"OBJECTID":562,"id_cruce":548,"id_controlador":282,"direccion":"CR 80  CL 76","ubicacion":"Doña Maria","cod_barrio":"0715","link_foto":null,"cod_smf_cl_cont":null,"x_origen_nacional":4713583.9329000004,"y_origen_nacional":2252359.9992999998}},{"type":"Feature","id":563,"geometry":{"type":"Point","coordinates":[4714187.2937000012,2253120.1286999993]},"properties":{"OBJECTID":563,"id_cruce":549,"id_controlador":378,"direccion":"CR 80  CL 80","ubicacion":null,"cod_barrio":"0710","link_foto":null,"cod_smf_cl_cont":null,"x_origen_nacional":4714187.2937000003,"y_origen_nacional":2253120.1286999998}},{"type":"Feature","id":564,"geometry":{"type":"Point","coordinates":[4712606.2814000007,2250863.4695999995]},"properties":{"OBJECTID":564,"id_cruce":553,"id_controlador":139,"direccion":"CR 81 A  CL 50","ubicacion":null,"cod_barrio":"1202","link_foto":null,"cod_smf_cl_cont":null,"x_origen_nacional":4712606.2813999997,"y_origen_nacional":2250863.4696}},{"type":"Feature","id":565,"geometry":{"type":"Point","coordinates":[4711942.7422000011,2247235.0373999998]},"properties":{"OBJECTID":565,"id_cruce":554,"id_controlador":68,"direccion":"CR 82 A  CL 30","ubicacion":null,"cod_barrio":"1603","link_foto":null,"cod_smf_cl_cont":null,"x_origen_nacional":4711942.7422000002,"y_origen_nacional":2247235.0373999998}},{"type":"Feature","id":566,"geometry":{"type":"Point","coordinates":[4714890.6698000012,2251608.1179000046]},"properties":{"OBJECTID":566,"id_cruce":433,"id_controlador":309,"direccion":"CR 66  CL 71","ubicacion":"CC LA FLORIDA","cod_barrio":"0519","link_foto":null,"cod_smf_cl_cont":null,"x_origen_nacional":4714890.6698000003,"y_origen_nacional":2251608.1179}},{"type":"Feature","id":567,"geometry":{"type":"Point","coordinates":[4715494.7828000002,2245012.5521000046]},"properties":{"OBJECTID":567,"id_cruce":116,"id_controlador":15,"direccion":"CR 43 C  CL 10","ubicacion":null,"cod_barrio":"1419","link_foto":null,"cod_smf_cl_cont":null,"x_origen_nacional":4715494.7828000002,"y_origen_nacional":2245012.5521}},{"type":"Feature","id":568,"geometry":{"type":"Point","coordinates":[4715534.5996000012,2245117.8526000008]},"properties":{"OBJECTID":568,"id_cruce":117,"id_controlador":15,"direccion":"CR 43 C  CL 11","ubicacion":null,"cod_barrio":"1419","link_foto":null,"cod_smf_cl_cont":null,"x_origen_nacional":4715534.5996000003,"y_origen_nacional":2245117.8525999999}},{"type":"Feature","id":569,"geometry":{"type":"Point","coordinates":[4716948.5336000007,2243232.2589999996]},"properties":{"OBJECTID":569,"id_cruce":612,"id_controlador":395,"direccion":"CR 25  CL 2 S","ubicacion":"TV SUP x CL 2 SUR","cod_barrio":"1410","link_foto":null,"cod_smf_cl_cont":null,"x_origen_nacional":4716948.5335999997,"y_origen_nacional":2243232.2590000001}},{"type":"Feature","id":570,"geometry":{"type":"Point","coordinates":[4716523.6659000004,2243073.3622999974]},"properties":{"OBJECTID":570,"id_cruce":610,"id_controlador":393,"direccion":"CR 29  CL 5 S","ubicacion":null,"cod_barrio":"1410","link_foto":null,"cod_smf_cl_cont":null,"x_origen_nacional":4716523.6659000004,"y_origen_nacional":2243073.3623000002}},{"type":"Feature","id":571,"geometry":{"type":"Point","coordinates":[4715210.6253000004,2244283.0212000012]},"properties":{"OBJECTID":571,"id_cruce":613,"id_controlador":396,"direccion":"CR 43 D  CL 1 S","ubicacion":null,"cod_barrio":"1421","link_foto":null,"cod_smf_cl_cont":null,"x_origen_nacional":4715210.6253000004,"y_origen_nacional":2244283.0211999998}},{"type":"Feature","id":572,"geometry":{"type":"Point","coordinates":[4714538.0958000012,2249094.2018999998]},"properties":{"OBJECTID":572,"id_cruce":393,"id_controlador":173,"direccion":"CR 63 D  CL 44","ubicacion":null,"cod_barrio":"1105","link_foto":null,"cod_smf_cl_cont":null,"x_origen_nacional":4714538.0958000002,"y_origen_nacional":2249094.2019000002}},{"type":"Feature","id":573,"geometry":{"type":"Point","coordinates":[4716004.3156000013,2251936.723600002]},"properties":{"OBJECTID":573,"id_cruce":9999,"id_controlador":999,"direccion":"CR 53  CL 77","ubicacion":"PARQUE NORTE Pista Infantil","cod_barrio":"Inst_9","link_foto":null,"cod_smf_cl_cont":null,"x_origen_nacional":4716004.3156000003,"y_origen_nacional":2251936.7236000001}},{"type":"Feature","id":574,"geometry":{"type":"Point","coordinates":[4712907.8004000001,2247523.1273999996]},"properties":{"OBJECTID":574,"id_cruce":617,"id_controlador":403,"direccion":"DG 74 B  CL 32","ubicacion":null,"cod_barrio":"1603","link_foto":null,"cod_smf_cl_cont":null,"x_origen_nacional":4712907.8004000001,"y_origen_nacional":2247523.1274000001}},{"type":"Feature","id":575,"geometry":{"type":"Point","coordinates":[4715750.9064000007,2247018.1747000013]},"properties":{"OBJECTID":575,"id_cruce":614,"id_controlador":400,"direccion":"CR 43 A  CL 30","ubicacion":"PEAT. PREMIUM","cod_barrio":"1020","link_foto":null,"cod_smf_cl_cont":null,"x_origen_nacional":4715750.9063999997,"y_origen_nacional":2247018.1746999999}},{"type":"Feature","id":576,"geometry":{"type":"Point","coordinates":[4712828.8918000003,2252181.5375999995]},"properties":{"OBJECTID":576,"id_cruce":615,"id_controlador":401,"direccion":"CR 85  CL 65","ubicacion":null,"cod_barrio":"0717","link_foto":null,"cod_smf_cl_cont":null,"x_origen_nacional":4712828.8918000003,"y_origen_nacional":2252181.5375999999}},{"type":"Feature","id":577,"geometry":{"type":"Point","coordinates":[4715814.7930000005,2247842.9498000033]},"properties":{"OBJECTID":577,"id_cruce":616,"id_controlador":402,"direccion":"CR 44  CL 37","ubicacion":"Peatonal San Diego","cod_barrio":"1020","link_foto":null,"cod_smf_cl_cont":null,"x_origen_nacional":4715814.7929999996,"y_origen_nacional":2247842.9498000001}},{"type":"Feature","id":578,"geometry":{"type":"Point","coordinates":[4713076.332700002,2245279.4409000017]},"properties":{"OBJECTID":578,"id_cruce":618,"id_controlador":405,"direccion":"CR 70  CL 2","ubicacion":"PRICE SMART","cod_barrio":"Inst_19","link_foto":null,"cod_smf_cl_cont":null,"x_origen_nacional":4713076.3327000001,"y_origen_nacional":2245279.4408999998}},{"type":"Feature","id":579,"geometry":{"type":"Point","coordinates":[4711542.4560000012,2248435.2181000002]},"properties":{"OBJECTID":579,"id_cruce":624,"id_controlador":410,"direccion":"CR 84  CL 34","ubicacion":null,"cod_barrio":"1110","link_foto":null,"cod_smf_cl_cont":null,"x_origen_nacional":4711542.4560000002,"y_origen_nacional":2248435.2181000002}},{"type":"Feature","id":580,"geometry":{"type":"Point","coordinates":[4713670.2637,2250753.2158000041]},"properties":{"OBJECTID":580,"id_cruce":620,"id_controlador":406,"direccion":"CR 74  CL 53","ubicacion":null,"cod_barrio":"1115","link_foto":null,"cod_smf_cl_cont":null,"x_origen_nacional":4713670.2637,"y_origen_nacional":2250753.2157999999}},{"type":"Feature","id":581,"geometry":{"type":"Point","coordinates":[4713776.5661000023,2250679.3104999997]},"properties":{"OBJECTID":581,"id_cruce":619,"id_controlador":406,"direccion":"CR 73  CL 53","ubicacion":null,"cod_barrio":"1115","link_foto":null,"cod_smf_cl_cont":null,"x_origen_nacional":4713776.5661000004,"y_origen_nacional":2250679.3105000001}},{"type":"Feature","id":582,"geometry":{"type":"Point","coordinates":[4712769.7623000015,2251370.4102999996]},"properties":{"OBJECTID":582,"id_cruce":622,"id_controlador":408,"direccion":"CR 81  CL 54","ubicacion":"EMAUS","cod_barrio":"1201","link_foto":null,"cod_smf_cl_cont":null,"x_origen_nacional":4712769.7622999996,"y_origen_nacional":2251370.4103000001}},{"type":"Feature","id":583,"geometry":{"type":"Point","coordinates":[4716153.5696000019,2254866.6218000017]},"properties":{"OBJECTID":583,"id_cruce":623,"id_controlador":409,"direccion":"CR 65  CL 103 FF","ubicacion":null,"cod_barrio":"0509","link_foto":null,"cod_smf_cl_cont":null,"x_origen_nacional":4716153.5696,"y_origen_nacional":2254866.6217999998}},{"type":"Feature","id":584,"geometry":{"type":"Point","coordinates":[4714452.7478000009,2252897.639700003]},"properties":{"OBJECTID":584,"id_cruce":621,"id_controlador":407,"direccion":"CR 75  CL 80","ubicacion":null,"cod_barrio":"0710","link_foto":null,"cod_smf_cl_cont":null,"x_origen_nacional":4714452.7478,"y_origen_nacional":2252897.6397000002}},{"type":"Feature","id":585,"geometry":{"type":"Point","coordinates":[4714934.4188999999,2244405.9997000024]},"properties":{"OBJECTID":585,"id_cruce":203,"id_controlador":383,"direccion":"CR 48  CL 1 S","ubicacion":null,"cod_barrio":"1421","link_foto":null,"cod_smf_cl_cont":null,"x_origen_nacional":4714934.4188999999,"y_origen_nacional":2244405.9997}},{"type":"Feature","id":586,"geometry":{"type":"Point","coordinates":[4710327.5256000012,2252290.4247000013]},"properties":{"OBJECTID":586,"id_cruce":625,"id_controlador":411,"direccion":"CR 108 B  CL 62 D","ubicacion":null,"cod_barrio":"0720","link_foto":null,"cod_smf_cl_cont":null,"x_origen_nacional":4710327.5256000003,"y_origen_nacional":2252290.4246999999}},{"type":"Feature","id":587,"geometry":{"type":"Point","coordinates":[4712999.5971000018,2248704.2997999992]},"properties":{"OBJECTID":587,"id_cruce":626,"id_controlador":412,"direccion":"TV 39B  CQ 73 B","ubicacion":"CARULLA LAURELES","cod_barrio":"1108","link_foto":null,"cod_smf_cl_cont":null,"x_origen_nacional":4712999.5970999999,"y_origen_nacional":2248704.2998000002}},{"type":"Feature","id":588,"geometry":{"type":"Point","coordinates":[4714425.3801000006,2242432.3140000012]},"properties":{"OBJECTID":588,"id_cruce":627,"id_controlador":413,"direccion":"CR 48  CL 18 C S","ubicacion":null,"cod_barrio":"1423","link_foto":null,"cod_smf_cl_cont":null,"x_origen_nacional":4714425.3800999997,"y_origen_nacional":2242432.3139999998}},{"type":"Feature","id":589,"geometry":{"type":"Point","coordinates":[4715136.8316000011,2246357.2695000023]},"properties":{"OBJECTID":589,"id_cruce":628,"id_controlador":414,"direccion":"CR 48  CL 19 A","ubicacion":"Clofan","cod_barrio":"1403","link_foto":null,"cod_smf_cl_cont":null,"x_origen_nacional":4715136.8316000002,"y_origen_nacional":2246357.2694999999}},{"type":"Feature","id":590,"geometry":{"type":"Point","coordinates":[4713948.9006000003,2252800.6967999972]},"properties":{"OBJECTID":590,"id_cruce":629,"id_controlador":415,"direccion":"CR 80  CL 78","ubicacion":null,"cod_barrio":"0711","link_foto":null,"cod_smf_cl_cont":null,"x_origen_nacional":4713948.9006000003,"y_origen_nacional":2252800.6968}},{"type":"Feature","id":591,"geometry":{"type":"Point","coordinates":[4714026.8004000001,2252868.8066000007]},"properties":{"OBJECTID":591,"id_cruce":630,"id_controlador":415,"direccion":"CR 80  CL 79","ubicacion":null,"cod_barrio":"0711","link_foto":null,"cod_smf_cl_cont":null,"x_origen_nacional":4714026.8004000001,"y_origen_nacional":2252868.8065999998}},{"type":"Feature","id":592,"geometry":{"type":"Point","coordinates":[4715557.7855999991,2244411.3942000009]},"properties":{"OBJECTID":592,"id_cruce":631,"id_controlador":6,"direccion":"CR 43 A  CL 5 A S","ubicacion":null,"cod_barrio":"1417","link_foto":null,"cod_smf_cl_cont":null,"x_origen_nacional":4715557.7856000001,"y_origen_nacional":2244411.3942}},{"type":"Feature","id":593,"geometry":{"type":"Point","coordinates":[4714755.4553000005,2244122.0789999999]},"properties":{"OBJECTID":593,"id_cruce":632,"id_controlador":47,"direccion":"CR 48 B  CL 4 S","ubicacion":null,"cod_barrio":"1422","link_foto":null,"cod_smf_cl_cont":null,"x_origen_nacional":4714755.4552999996,"y_origen_nacional":2244122.0789999999}},{"type":"Feature","id":594,"geometry":{"type":"Point","coordinates":[4715806.8657000009,2241686.3201000001]},"properties":{"OBJECTID":594,"id_cruce":643,"id_controlador":425,"direccion":"CR 27  CL 20 S","ubicacion":null,"cod_barrio":"1412","link_foto":null,"cod_smf_cl_cont":null,"x_origen_nacional":4715806.8657,"y_origen_nacional":2241686.3201000001}},{"type":"Feature","id":595,"geometry":{"type":"Point","coordinates":[4716721.1748000002,2242339.9287]},"properties":{"OBJECTID":595,"id_cruce":633,"id_controlador":416,"direccion":"CR 22  CL 12 S","ubicacion":null,"cod_barrio":"1411","link_foto":null,"cod_smf_cl_cont":null,"x_origen_nacional":4716721.1748000002,"y_origen_nacional":2242339.9287}},{"type":"Feature","id":596,"geometry":{"type":"Point","coordinates":[4716282.6745999996,2253115.7401000001]},"properties":{"OBJECTID":596,"id_cruce":642,"id_controlador":424,"direccion":"CR 55  CL 92","ubicacion":null,"cod_barrio":"0405","link_foto":null,"cod_smf_cl_cont":null,"x_origen_nacional":4716282.6745999996,"y_origen_nacional":2253115.7401000001}},{"type":"Feature","id":597,"geometry":{"type":"Point","coordinates":[4716677.605200002,2253009.480800001]},"properties":{"OBJECTID":597,"id_cruce":634,"id_controlador":417,"direccion":"CR 51 A  CL 92","ubicacion":null,"cod_barrio":"0402","link_foto":null,"cod_smf_cl_cont":null,"x_origen_nacional":4716677.6052000001,"y_origen_nacional":2253009.4808}},{"type":"Feature","id":598,"geometry":{"type":"Point","coordinates":[4716534.3519000011,2253234.6150000002]},"properties":{"OBJECTID":598,"id_cruce":635,"id_controlador":418,"direccion":"CR 53  CL 93","ubicacion":null,"cod_barrio":"0403","link_foto":null,"cod_smf_cl_cont":null,"x_origen_nacional":4716534.3519000001,"y_origen_nacional":2253234.6150000002}},{"type":"Feature","id":599,"geometry":{"type":"Point","coordinates":[4716402.2354000006,2253226.7638000045]},"properties":{"OBJECTID":599,"id_cruce":636,"id_controlador":419,"direccion":"CR 55  CL 93","ubicacion":"Glorieta madre Laura cost. Suroriental","cod_barrio":"0403","link_foto":null,"cod_smf_cl_cont":null,"x_origen_nacional":4716402.2353999997,"y_origen_nacional":2253226.7637999998}},{"type":"Feature","id":600,"geometry":{"type":"Point","coordinates":[4715584.4301000005,2253529.9348000009]},"properties":{"OBJECTID":600,"id_cruce":638,"id_controlador":422,"direccion":"CR 66  CL 94","ubicacion":null,"cod_barrio":"0511","link_foto":null,"cod_smf_cl_cont":null,"x_origen_nacional":4715584.4301000005,"y_origen_nacional":2253529.9347999999}},{"type":"Feature","id":601,"geometry":{"type":"Point","coordinates":[4715631.2171999998,2253666.5385999996]},"properties":{"OBJECTID":601,"id_cruce":637,"id_controlador":420,"direccion":"CR 66  CL 95","ubicacion":null,"cod_barrio":"0511","link_foto":null,"cod_smf_cl_cont":null,"x_origen_nacional":4715631.2171999998,"y_origen_nacional":2253666.5386000001}},{"type":"Feature","id":602,"geometry":{"type":"Point","coordinates":[4715709.8420000011,2253492.5734000001]},"properties":{"OBJECTID":602,"id_cruce":640,"id_controlador":423,"direccion":"CR 65  CL 94","ubicacion":null,"cod_barrio":"0511","link_foto":null,"cod_smf_cl_cont":null,"x_origen_nacional":4715709.8420000002,"y_origen_nacional":2253492.5734000001}},{"type":"Feature","id":603,"geometry":{"type":"Point","coordinates":[4715705.2078999998,2253641.4340000022]},"properties":{"OBJECTID":603,"id_cruce":639,"id_controlador":421,"direccion":"CR 65  CL 95","ubicacion":null,"cod_barrio":"0511","link_foto":null,"cod_smf_cl_cont":null,"x_origen_nacional":4715705.2078999998,"y_origen_nacional":2253641.4339999999}},{"type":"Feature","id":604,"geometry":{"type":"Point","coordinates":[4715327.0087000001,2244252.9306000005]},"properties":{"OBJECTID":604,"id_cruce":644,"id_controlador":396,"direccion":"CR 43 C  CL 1 S","ubicacion":null,"cod_barrio":"1421","link_foto":null,"cod_smf_cl_cont":null,"x_origen_nacional":4715327.0087000001,"y_origen_nacional":2244252.9306000001}},{"type":"Feature","id":605,"geometry":{"type":"Point","coordinates":[4716522.5067000007,2253294.6305000018]},"properties":{"OBJECTID":605,"id_cruce":641,"id_controlador":418,"direccion":"CR 53  CL 94","ubicacion":null,"cod_barrio":"0402","link_foto":null,"cod_smf_cl_cont":null,"x_origen_nacional":4716522.5066999998,"y_origen_nacional":2253294.6305}},{"type":"Feature","id":606,"geometry":{"type":"Point","coordinates":[4714686.7673000013,2248561.3627000041]},"properties":{"OBJECTID":606,"id_cruce":646,"id_controlador":428,"direccion":"CR 63  CL 42","ubicacion":"Paso peatonal unidad colseguros parques del rio","cod_barrio":"1105","link_foto":null,"cod_smf_cl_cont":null,"x_origen_nacional":4714686.7673000004,"y_origen_nacional":2248561.3626999999}},{"type":"Feature","id":607,"geometry":{"type":"Point","coordinates":[4716432.0440000007,2248406.0546000022]},"properties":{"OBJECTID":607,"id_cruce":649,"id_controlador":431,"direccion":"CR 41  CL 44","ubicacion":null,"cod_barrio":"1014","link_foto":null,"cod_smf_cl_cont":null,"x_origen_nacional":4716432.0439999998,"y_origen_nacional":2248406.0545999999}},{"type":"Feature","id":608,"geometry":{"type":"Point","coordinates":[4713835.8825000012,2248129.2473000027]},"properties":{"OBJECTID":608,"id_cruce":435,"id_controlador":103,"direccion":"CR 66 A  CL 33 - LAT ORIENTAL","ubicacion":null,"cod_barrio":"1601","link_foto":"secretaria_movilidad/images/cruces/435/imagen.jpg","cod_smf_cl_cont":"E1","x_origen_nacional":4713835.8825000003,"y_origen_nacional":2248129.2472999999}},{"type":"Feature","id":609,"geometry":{"type":"Point","coordinates":[4713656.9571000012,2250471.8578000013]},"properties":{"OBJECTID":609,"id_cruce":1039,"id_controlador":495,"direccion":"CR 73 CL 51","ubicacion":null,"cod_barrio":"1115","link_foto":"/pub/aplicaciones/secretaria_movilidad/images/cruces/1039/imagen.jpg","cod_smf_cl_cont":"E2","x_origen_nacional":4713656.9571000002,"y_origen_nacional":2250471.8577999999}},{"type":"Feature","id":610,"geometry":{"type":"Point","coordinates":[4713275.1892000018,2247374.6752000041]},"properties":{"OBJECTID":610,"id_cruce":1068,"id_controlador":2,"direccion":"carrera 000","ubicacion":null,"cod_barrio":null,"link_foto":"secretaria_movilidad/images/cruces/1068/imagen.jpg","cod_smf_cl_cont":"E1","x_origen_nacional":4713275.1891999999,"y_origen_nacional":2247374.6751999999}},{"type":"Feature","id":611,"geometry":{"type":"Point","coordinates":[4715646.8562000003,2249707.326700002]},"properties":{"OBJECTID":611,"id_cruce":1036,"id_controlador":316,"direccion":"CR 55 X CL 53","ubicacion":null,"cod_barrio":"1006","link_foto":"/pub/aplicaciones/secretaria_movilidad/images/cruces/1036/imagen.jpg","cod_smf_cl_cont":"E2","x_origen_nacional":4715646.8562000003,"y_origen_nacional":2249707.3267000001}},{"type":"Feature","id":612,"geometry":{"type":"Point","coordinates":[4715598.8470999999,2249645.7471999992]},"properties":{"OBJECTID":612,"id_cruce":1037,"id_controlador":316,"direccion":"CR 55 CL 52","ubicacion":null,"cod_barrio":"1006","link_foto":"/pub/aplicaciones/secretaria_movilidad/images/cruces/1037/imagen.jpg","cod_smf_cl_cont":"E2","x_origen_nacional":4715598.8470999999,"y_origen_nacional":2249645.7472000001}},{"type":"Feature","id":613,"geometry":{"type":"Point","coordinates":[4713633.1586000007,2250411.1194000002]},"properties":{"OBJECTID":613,"id_cruce":1038,"id_controlador":495,"direccion":"CR 73 CL 50","ubicacion":null,"cod_barrio":"1115","link_foto":"/pub/aplicaciones/secretaria_movilidad/images/cruces/1038/imagen.jpg","cod_smf_cl_cont":"E2","x_origen_nacional":4713633.1585999997,"y_origen_nacional":2250411.1194000002}},{"type":"Feature","id":614,"geometry":{"type":"Point","coordinates":[4710680.7983000018,2250019.3395000007]},"properties":{"OBJECTID":614,"id_cruce":1042,"id_controlador":510,"direccion":"Carrera 99 x Calle 43","ubicacion":null,"cod_barrio":"1309","link_foto":"/pub/aplicaciones/secretaria_movilidad/images/cruces/1042/imagen.jpg","cod_smf_cl_cont":"E2","x_origen_nacional":4710680.7982999999,"y_origen_nacional":2250019.3394999998}},{"type":"Feature","id":615,"geometry":{"type":"Point","coordinates":[4714750.3499000007,2248374.2569000013]},"properties":{"OBJECTID":615,"id_cruce":1047,"id_controlador":512,"direccion":"carrera 63 x calle 36","ubicacion":null,"cod_barrio":"1105","link_foto":"/pub/aplicaciones/secretaria_movilidad/images/cruces/1047/imagen.jpg","cod_smf_cl_cont":"E2","x_origen_nacional":4714750.3498999998,"y_origen_nacional":2248374.2568999999}},{"type":"Feature","id":616,"geometry":{"type":"Point","coordinates":[4716422.4211999997,2248528.0328000002]},"properties":{"OBJECTID":616,"id_cruce":1048,"id_controlador":514,"direccion":"Carrera 42 x calle 46","ubicacion":null,"cod_barrio":"1015","link_foto":"/pub/aplicaciones/secretaria_movilidad/images/cruces/1048/imagen.jpg","cod_smf_cl_cont":"E2","x_origen_nacional":4716422.4211999997,"y_origen_nacional":2248528.0328000002}},{"type":"Feature","id":617,"geometry":{"type":"Point","coordinates":[4713166.4088000022,2247411.486700004]},"properties":{"OBJECTID":617,"id_cruce":1069,"id_controlador":1,"direccion":"carrera 111","ubicacion":null,"cod_barrio":null,"link_foto":"secretaria_movilidad/images/cruces/1069/imagen.jpg","cod_smf_cl_cont":"E1","x_origen_nacional":4713166.4088000003,"y_origen_nacional":2247411.4866999998}},{"type":"Feature","id":618,"geometry":{"type":"Point","coordinates":[4716486.3465000009,2248483.7440000027]},"properties":{"OBJECTID":618,"id_cruce":647,"id_controlador":429,"direccion":"CR 41  CL 46","ubicacion":null,"cod_barrio":"1015","link_foto":null,"cod_smf_cl_cont":null,"x_origen_nacional":4716486.3465,"y_origen_nacional":2248483.7439999999}},{"type":"Feature","id":619,"geometry":{"type":"Point","coordinates":[4716545.5631999997,2248595.978600001]},"properties":{"OBJECTID":619,"id_cruce":648,"id_controlador":430,"direccion":"CR 41  CL 47","ubicacion":null,"cod_barrio":"1015","link_foto":null,"cod_smf_cl_cont":null,"x_origen_nacional":4716545.5631999997,"y_origen_nacional":2248595.9786}},{"type":"Feature","id":620,"geometry":{"type":"Point","coordinates":[4716622.0994000006,2248556.1740000006]},"properties":{"OBJECTID":620,"id_cruce":650,"id_controlador":432,"direccion":"CR 40  CL 47","ubicacion":null,"cod_barrio":"1015","link_foto":null,"cod_smf_cl_cont":null,"x_origen_nacional":4716622.0993999997,"y_origen_nacional":2248556.1740000001}},{"type":"Feature","id":621,"geometry":{"type":"Point","coordinates":[4716675.2797999997,2248656.6096000019]},"properties":{"OBJECTID":621,"id_cruce":651,"id_controlador":433,"direccion":"CR 40  CL 48","ubicacion":null,"cod_barrio":"1015","link_foto":null,"cod_smf_cl_cont":null,"x_origen_nacional":4716675.2797999997,"y_origen_nacional":2248656.6096000001}},{"type":"Feature","id":622,"geometry":{"type":"Point","coordinates":[4713175.5250000004,2252460.3590999991]},"properties":{"OBJECTID":622,"id_cruce":654,"id_controlador":436,"direccion":"CR 85  CL 76","ubicacion":null,"cod_barrio":"0716","link_foto":null,"cod_smf_cl_cont":null,"x_origen_nacional":4713175.5250000004,"y_origen_nacional":2252460.3591}},{"type":"Feature","id":623,"geometry":{"type":"Point","coordinates":[4716980.2115000011,2249218.3750000019]},"properties":{"OBJECTID":623,"id_cruce":653,"id_controlador":435,"direccion":"CR 40  CL 55","ubicacion":null,"cod_barrio":"1016","link_foto":null,"cod_smf_cl_cont":null,"x_origen_nacional":4716980.2115000002,"y_origen_nacional":2249218.375}},{"type":"Feature","id":624,"geometry":{"type":"Point","coordinates":[4715376.1497000018,2248965.2083999999]},"properties":{"OBJECTID":624,"id_cruce":656,"id_controlador":438,"direccion":"CR 54  CL 45","ubicacion":null,"cod_barrio":"1007","link_foto":null,"cod_smf_cl_cont":null,"x_origen_nacional":4715376.1497,"y_origen_nacional":2248965.2083999999}},{"type":"Feature","id":625,"geometry":{"type":"Point","coordinates":[4716552.0723999999,2253791.8497000001]},"properties":{"OBJECTID":625,"id_cruce":655,"id_controlador":437,"direccion":"CR 55  CL 97","ubicacion":null,"cod_barrio":"0403","link_foto":null,"cod_smf_cl_cont":null,"x_origen_nacional":4716552.0723999999,"y_origen_nacional":2253791.8497000001}},{"type":"Feature","id":626,"geometry":{"type":"Point","coordinates":[4717297.2509000013,2248055.0679000001]},"properties":{"OBJECTID":626,"id_cruce":657,"id_controlador":439,"direccion":"CR 32  CL 45","ubicacion":null,"cod_barrio":"0910","link_foto":null,"cod_smf_cl_cont":null,"x_origen_nacional":4717297.2509000003,"y_origen_nacional":2248055.0679000001}},{"type":"Feature","id":627,"geometry":{"type":"Point","coordinates":[4717518.5241,2248099.7816000003]},"properties":{"OBJECTID":627,"id_cruce":652,"id_controlador":434,"direccion":"CR 30  CL 47","ubicacion":null,"cod_barrio":"0907","link_foto":null,"cod_smf_cl_cont":null,"x_origen_nacional":4717518.5241,"y_origen_nacional":2248099.7815999999}},{"type":"Feature","id":628,"geometry":{"type":"Point","coordinates":[4717049.0037000012,2248329.3914999999]},"properties":{"OBJECTID":628,"id_cruce":658,"id_controlador":440,"direccion":"CR 36  CL 47","ubicacion":null,"cod_barrio":"0907","link_foto":null,"cod_smf_cl_cont":null,"x_origen_nacional":4717049.0037000002,"y_origen_nacional":2248329.3914999999}},{"type":"Feature","id":629,"geometry":{"type":"Point","coordinates":[4716676.0428000009,2254055.3452000022]},"properties":{"OBJECTID":629,"id_cruce":659,"id_controlador":441,"direccion":"CR 52  CL 100","ubicacion":null,"cod_barrio":"0210","link_foto":null,"cod_smf_cl_cont":null,"x_origen_nacional":4716676.0427999999,"y_origen_nacional":2254055.3451999999}},{"type":"Feature","id":630,"geometry":{"type":"Point","coordinates":[4715836.2156999996,2253467.9998000022]},"properties":{"OBJECTID":630,"id_cruce":660,"id_controlador":423,"direccion":"CR 64  CL 94","ubicacion":null,"cod_barrio":"Inst_2","link_foto":null,"cod_smf_cl_cont":null,"x_origen_nacional":4715836.2156999996,"y_origen_nacional":2253467.9997999999}},{"type":"Feature","id":631,"geometry":{"type":"Point","coordinates":[4716350.0042000003,2248949.2469000015]},"properties":{"OBJECTID":631,"id_cruce":661,"id_controlador":442,"direccion":"CR 44  CL 49","ubicacion":null,"cod_barrio":"1019","link_foto":null,"cod_smf_cl_cont":null,"x_origen_nacional":4716350.0042000003,"y_origen_nacional":2248949.2469000001}},{"type":"Feature","id":632,"geometry":{"type":"Point","coordinates":[4716548.7849000003,2248845.3696999997]},"properties":{"OBJECTID":632,"id_cruce":662,"id_controlador":444,"direccion":"CR 42  CL 49","ubicacion":null,"cod_barrio":"1015","link_foto":null,"cod_smf_cl_cont":null,"x_origen_nacional":4716548.7849000003,"y_origen_nacional":2248845.3697000002}},{"type":"Feature","id":633,"geometry":{"type":"Point","coordinates":[4716724.4588000011,2248754.686900001]},"properties":{"OBJECTID":633,"id_cruce":663,"id_controlador":445,"direccion":"CR 40  CL 49","ubicacion":null,"cod_barrio":"1015","link_foto":null,"cod_smf_cl_cont":null,"x_origen_nacional":4716724.4588000001,"y_origen_nacional":2248754.6869000001}},{"type":"Feature","id":634,"geometry":{"type":"Point","coordinates":[4717101.8892000001,2248560.8144000024]},"properties":{"OBJECTID":634,"id_cruce":664,"id_controlador":448,"direccion":"CR 36A  CL 49","ubicacion":null,"cod_barrio":"0906","link_foto":null,"cod_smf_cl_cont":null,"x_origen_nacional":4717101.8892000001,"y_origen_nacional":2248560.8144}},{"type":"Feature","id":635,"geometry":{"type":"Point","coordinates":[4717167.2393000005,2248526.5162999984]},"properties":{"OBJECTID":635,"id_cruce":665,"id_controlador":449,"direccion":"CR 36  CL 49","ubicacion":null,"cod_barrio":"0907","link_foto":null,"cod_smf_cl_cont":null,"x_origen_nacional":4717167.2392999995,"y_origen_nacional":2248526.5162999998}},{"type":"Feature","id":636,"geometry":{"type":"Point","coordinates":[4711947.8653000016,2247044.3164000008]},"properties":{"OBJECTID":636,"id_cruce":1040,"id_controlador":508,"direccion":"Carrera 82A x Calle 28","ubicacion":null,"cod_barrio":"1614","link_foto":"/pub/aplicaciones/secretaria_movilidad/images/cruces/1040/imagen.jpg","cod_smf_cl_cont":"E2","x_origen_nacional":4711947.8652999997,"y_origen_nacional":2247044.3163999999}},{"type":"Feature","id":637,"geometry":{"type":"Point","coordinates":[4716477.1399999997,2248631.7955000009]},"properties":{"OBJECTID":637,"id_cruce":1041,"id_controlador":509,"direccion":"Carrera 42 x Calle 47","ubicacion":null,"cod_barrio":"1015","link_foto":"/pub/aplicaciones/secretaria_movilidad/images/cruces/1041/imagen.jpg","cod_smf_cl_cont":"E2","x_origen_nacional":4716477.1399999997,"y_origen_nacional":2248631.7955}},{"type":"Feature","id":638,"geometry":{"type":"Point","coordinates":[4715747.0418999996,2254878.3471000027]},"properties":{"OBJECTID":638,"id_cruce":1046,"id_controlador":511,"direccion":"carera 70 x calle 104","ubicacion":null,"cod_barrio":"0509","link_foto":"/pub/aplicaciones/secretaria_movilidad/images/cruces/1046/imagen.jpg","cod_smf_cl_cont":"E2","x_origen_nacional":4715747.0418999996,"y_origen_nacional":2254878.3470999999}},{"type":"Feature","id":639,"geometry":{"type":"Point","coordinates":[4712575.4095999999,2252414.197900001]},"properties":{"OBJECTID":639,"id_cruce":1049,"id_controlador":515,"direccion":"carrera 89 x calle 65","ubicacion":null,"cod_barrio":"0717","link_foto":"/pub/aplicaciones/secretaria_movilidad/images/cruces/1049/imagen.jpg","cod_smf_cl_cont":"E2","x_origen_nacional":4712575.4095999999,"y_origen_nacional":2252414.1979}},{"type":"Feature","id":640,"geometry":{"type":"Point","coordinates":[4715839.1941000009,2248052.3616000004]},"properties":{"OBJECTID":640,"id_cruce":1050,"id_controlador":516,"direccion":"carrera 44 x calle 39","ubicacion":null,"cod_barrio":"1020","link_foto":"secretaria_movilidad/images/cruces/1050/imagen.jpg","cod_smf_cl_cont":"E2","x_origen_nacional":4715839.1941,"y_origen_nacional":2248052.3615999999}},{"type":"Feature","id":641,"geometry":{"type":"Point","coordinates":[4714184.2112000007,2246507.8983999994]},"properties":{"OBJECTID":641,"id_cruce":709,"id_controlador":481,"direccion":"CR 65  TV 22","ubicacion":null,"cod_barrio":"1503","link_foto":null,"cod_smf_cl_cont":null,"x_origen_nacional":4714184.2111999998,"y_origen_nacional":2246507.8983999998}},{"type":"Feature","id":642,"geometry":{"type":"Point","coordinates":[4714745.1144000003,2251912.1242999993]},"properties":{"OBJECTID":642,"id_cruce":710,"id_controlador":482,"direccion":"CR 67  CL 73","ubicacion":null,"cod_barrio":"0519","link_foto":null,"cod_smf_cl_cont":null,"x_origen_nacional":4714745.1144000003,"y_origen_nacional":2251912.1242999998}},{"type":"Feature","id":643,"geometry":{"type":"Point","coordinates":[4715854.1687000012,2247236.5847000014]},"properties":{"OBJECTID":643,"id_cruce":711,"id_controlador":483,"direccion":"CR 43  CL 31","ubicacion":null,"cod_barrio":"1020","link_foto":null,"cod_smf_cl_cont":null,"x_origen_nacional":4715854.1687000003,"y_origen_nacional":2247236.5847}},{"type":"Feature","id":644,"geometry":{"type":"Point","coordinates":[4716179.7171999998,2241590.3243000004]},"properties":{"OBJECTID":644,"id_cruce":712,"id_controlador":484,"direccion":"CR 26B  CL 20A S","ubicacion":null,"cod_barrio":"1412","link_foto":null,"cod_smf_cl_cont":null,"x_origen_nacional":4716179.7171999998,"y_origen_nacional":2241590.3243}},{"type":"Feature","id":645,"geometry":{"type":"Point","coordinates":[4711698.4151000008,2247525.1322000027]},"properties":{"OBJECTID":645,"id_cruce":713,"id_controlador":486,"direccion":"CR 83  CL 32","ubicacion":null,"cod_barrio":"1618","link_foto":null,"cod_smf_cl_cont":null,"x_origen_nacional":4711698.4150999999,"y_origen_nacional":2247525.1321999999}},{"type":"Feature","id":646,"geometry":{"type":"Point","coordinates":[4715363.9786999999,2247789.008700002]},"properties":{"OBJECTID":646,"id_cruce":714,"id_controlador":341,"direccion":"CR 50  CL 35","ubicacion":null,"cod_barrio":"1012","link_foto":null,"cod_smf_cl_cont":null,"x_origen_nacional":4715363.9786999999,"y_origen_nacional":2247789.0087000001}},{"type":"Feature","id":647,"geometry":{"type":"Point","coordinates":[4713677.1771,2251871.2048000004]},"properties":{"OBJECTID":647,"id_cruce":715,"id_controlador":487,"direccion":"CR 76  TV 73","ubicacion":null,"cod_barrio":"Inst_5","link_foto":null,"cod_smf_cl_cont":null,"x_origen_nacional":4713677.1771,"y_origen_nacional":2251871.2047999999}},{"type":"Feature","id":648,"geometry":{"type":"Point","coordinates":[4714882.4148000004,2248448.8206000011]},"properties":{"OBJECTID":648,"id_cruce":716,"id_controlador":488,"direccion":"CR 60  CL 41","ubicacion":null,"cod_barrio":"Inst_16","link_foto":null,"cod_smf_cl_cont":null,"x_origen_nacional":4714882.4148000004,"y_origen_nacional":2248448.8206000002}},{"type":"Feature","id":649,"geometry":{"type":"Point","coordinates":[4714808.854100001,2248672.3137000017]},"properties":{"OBJECTID":649,"id_cruce":717,"id_controlador":488,"direccion":"CR 60  CL 42","ubicacion":null,"cod_barrio":"Inst_16","link_foto":null,"cod_smf_cl_cont":null,"x_origen_nacional":4714808.8541000001,"y_origen_nacional":2248672.3136999998}},{"type":"Feature","id":650,"geometry":{"type":"Point","coordinates":[4715810.7818000009,2250937.8348999992]},"properties":{"OBJECTID":650,"id_cruce":718,"id_controlador":489,"direccion":"CR 56  CL 67","ubicacion":null,"cod_barrio":"1004","link_foto":null,"cod_smf_cl_cont":null,"x_origen_nacional":4715810.7818,"y_origen_nacional":2250937.8349000001}},{"type":"Feature","id":651,"geometry":{"type":"Point","coordinates":[4712630.7712000003,2245598.3858000003]},"properties":{"OBJECTID":651,"id_cruce":546,"id_controlador":84,"direccion":"CR 80  DG 75 D","ubicacion":"Cost Norte La Mota","cod_barrio":"1608","link_foto":null,"cod_smf_cl_cont":null,"x_origen_nacional":4712630.7712000003,"y_origen_nacional":2245598.3857999998}},{"type":"Feature","id":652,"geometry":{"type":"Point","coordinates":[4712685.0593999997,2245560.9128000028]},"properties":{"OBJECTID":652,"id_cruce":545,"id_controlador":84,"direccion":"CR 80  DG 75 D","ubicacion":"Cost Sur","cod_barrio":"1607","link_foto":null,"cod_smf_cl_cont":null,"x_origen_nacional":4712685.0593999997,"y_origen_nacional":2245560.9128}},{"type":"Feature","id":653,"geometry":{"type":"Point","coordinates":[4712467.2508000014,2245920.2676999997]},"properties":{"OBJECTID":653,"id_cruce":550,"id_controlador":83,"direccion":"CR 80  CL 9","ubicacion":"Cost NORTE  RINCON  CR 76","cod_barrio":"1611","link_foto":null,"cod_smf_cl_cont":null,"x_origen_nacional":4712467.2507999996,"y_origen_nacional":2245920.2677000002}},{"type":"Feature","id":654,"geometry":{"type":"Point","coordinates":[4712513.7661000015,2245862.6202000044]},"properties":{"OBJECTID":654,"id_cruce":551,"id_controlador":83,"direccion":"CR 80  CL 9","ubicacion":"Cost Sur","cod_barrio":"1607","link_foto":null,"cod_smf_cl_cont":null,"x_origen_nacional":4712513.7660999997,"y_origen_nacional":2245862.6201999998}},{"type":"Feature","id":655,"geometry":{"type":"Point","coordinates":[4715789.8322000001,2249589.9725000039]},"properties":{"OBJECTID":655,"id_cruce":587,"id_controlador":225,"direccion":"CR 53  CL 52","ubicacion":"PEATONAL MUSEO DE ANT","cod_barrio":"1006","link_foto":null,"cod_smf_cl_cont":null,"x_origen_nacional":4715789.8322000001,"y_origen_nacional":2249589.9725000001}},{"type":"Feature","id":656,"geometry":{"type":"Point","coordinates":[4713451.9806000004,2251787.8408000004]},"properties":{"OBJECTID":656,"id_cruce":595,"id_controlador":174,"direccion":"TV 73  CL 65","ubicacion":"SAN GERMAN","cod_barrio":"Inst_6","link_foto":null,"cod_smf_cl_cont":null,"x_origen_nacional":4713451.9806000004,"y_origen_nacional":2251787.8407999999}},{"type":"Feature","id":657,"geometry":{"type":"Point","coordinates":[4712456.3871000018,2246177.1324000023]},"properties":{"OBJECTID":657,"id_cruce":37,"id_controlador":387,"direccion":"AV 80  CL 15","ubicacion":"PEATONAL COLEGIO LA INMACULADA","cod_barrio":"1611","link_foto":null,"cod_smf_cl_cont":null,"x_origen_nacional":4712456.3870999999,"y_origen_nacional":2246177.1324}},{"type":"Feature","id":658,"geometry":{"type":"Point","coordinates":[4716296.8216000013,2244796.8170999996]},"properties":{"OBJECTID":658,"id_cruce":48,"id_controlador":21,"direccion":"CR 34  CL 10 A","ubicacion":null,"cod_barrio":"1406","link_foto":null,"cod_smf_cl_cont":null,"x_origen_nacional":4716296.8216000004,"y_origen_nacional":2244796.8171000001}},{"type":"Feature","id":659,"geometry":{"type":"Point","coordinates":[4714345.7014000006,2251924.6795000024]},"properties":{"OBJECTID":659,"id_cruce":451,"id_controlador":285,"direccion":"CR 72  CL 73","ubicacion":"Cost Occidental Paso Peatonal","cod_barrio":"0706","link_foto":null,"cod_smf_cl_cont":null,"x_origen_nacional":4714345.7013999997,"y_origen_nacional":2251924.6795000001}},{"type":"Feature","id":660,"geometry":{"type":"Point","coordinates":[4715120.2626999998,2243940.8253000006]},"properties":{"OBJECTID":660,"id_cruce":115,"id_controlador":61,"direccion":"CR 43 C  CL 5 S","ubicacion":"C. EJECUTIVO","cod_barrio":"1422","link_foto":null,"cod_smf_cl_cont":null,"x_origen_nacional":4715120.2626999998,"y_origen_nacional":2243940.8253000001}},{"type":"Feature","id":661,"geometry":{"type":"Point","coordinates":[4715131.7077000001,2251039.2661000006]},"properties":{"OBJECTID":661,"id_cruce":32,"id_controlador":307,"direccion":"CR 64 C  CL 67","ubicacion":"CARABINEROS  GLORIETA Ext SUROCCIDENTAL","cod_barrio":"Inst_8","link_foto":null,"cod_smf_cl_cont":null,"x_origen_nacional":4715131.7077000001,"y_origen_nacional":2251039.2661000001}},{"type":"Feature","id":662,"geometry":{"type":"Point","coordinates":[4715175.305900001,2251106.9287000019]},"properties":{"OBJECTID":662,"id_cruce":30,"id_controlador":307,"direccion":"CR 64 C  CL 67","ubicacion":"CARABINEROS  GLORIETA Ext NOROCCIDENTAL","cod_barrio":"0517","link_foto":null,"cod_smf_cl_cont":null,"x_origen_nacional":4715175.3059,"y_origen_nacional":2251106.9287}},{"type":"Feature","id":663,"geometry":{"type":"Point","coordinates":[4715256.0992000001,2251074.6872000005]},"properties":{"OBJECTID":663,"id_cruce":31,"id_controlador":307,"direccion":"CR 64 C  CL 67","ubicacion":"CARABINEROS  GLORIETA Ext NORORIENTAL","cod_barrio":"0517","link_foto":null,"cod_smf_cl_cont":null,"x_origen_nacional":4715256.0992000001,"y_origen_nacional":2251074.6872}},{"type":"Feature","id":664,"geometry":{"type":"Point","coordinates":[4715232.029000002,2251004.6046000011]},"properties":{"OBJECTID":664,"id_cruce":33,"id_controlador":307,"direccion":"CR 64 C  CL 67","ubicacion":"CARABINEROS  GLORIETA Ext SURORIENTAL","cod_barrio":"Inst_8","link_foto":null,"cod_smf_cl_cont":null,"x_origen_nacional":4715232.0290000001,"y_origen_nacional":2251004.6046000002}},{"type":"Feature","id":665,"geometry":{"type":"Point","coordinates":[4717730.5307999998,2252469.0817000009]},"properties":{"OBJECTID":665,"id_cruce":144,"id_controlador":206,"direccion":"CR 44  CL 86","ubicacion":null,"cod_barrio":"0302","link_foto":null,"cod_smf_cl_cont":null,"x_origen_nacional":4717730.5307999998,"y_origen_nacional":2252469.0817}},{"type":"Feature","id":666,"geometry":{"type":"Point","coordinates":[4717345.8480000002,2250753.8913000021]},"properties":{"OBJECTID":666,"id_cruce":161,"id_controlador":199,"direccion":"CR 45  CL 67","ubicacion":null,"cod_barrio":"0307","link_foto":null,"cod_smf_cl_cont":null,"x_origen_nacional":4717345.8480000002,"y_origen_nacional":2250753.8912999998}},{"type":"Feature","id":667,"geometry":{"type":"Point","coordinates":[4716419.3187000006,2250854.4770000018]},"properties":{"OBJECTID":667,"id_cruce":300,"id_controlador":195,"direccion":"CR 51  CL 67","ubicacion":"Cost OCCIDENTAL","cod_barrio":"0407","link_foto":null,"cod_smf_cl_cont":null,"x_origen_nacional":4716419.3186999997,"y_origen_nacional":2250854.477}},{"type":"Feature","id":668,"geometry":{"type":"Point","coordinates":[4716454.9870999986,2250779.5137000009]},"properties":{"OBJECTID":668,"id_cruce":298,"id_controlador":195,"direccion":"CR 51  CL 67","ubicacion":"Cost SUR","cod_barrio":"1001","link_foto":null,"cod_smf_cl_cont":null,"x_origen_nacional":4716454.9870999996,"y_origen_nacional":2250779.5137}},{"type":"Feature","id":669,"geometry":{"type":"Point","coordinates":[4716578.3614999996,2250840.9569000024]},"properties":{"OBJECTID":669,"id_cruce":299,"id_controlador":195,"direccion":"CR 51  CL 67","ubicacion":"Cost ORIENTAL","cod_barrio":"1001","link_foto":null,"cod_smf_cl_cont":null,"x_origen_nacional":4716578.3614999996,"y_origen_nacional":2250840.9569000001}},{"type":"Feature","id":670,"geometry":{"type":"Point","coordinates":[4713878.6217,2250113.0001000017]},"properties":{"OBJECTID":670,"id_cruce":471,"id_controlador":143,"direccion":"CR 70  CL 49","ubicacion":"Peat Estadio","cod_barrio":"Inst_14","link_foto":null,"cod_smf_cl_cont":null,"x_origen_nacional":4713878.6217,"y_origen_nacional":2250113.0000999998}},{"type":"Feature","id":671,"geometry":{"type":"Point","coordinates":[4715237.2347000008,2249644.8379000016]},"properties":{"OBJECTID":671,"id_cruce":377,"id_controlador":389,"direccion":"CR 56 C  CL 50","ubicacion":"San Benito","cod_barrio":"1006","link_foto":null,"cod_smf_cl_cont":null,"x_origen_nacional":4715237.2346999999,"y_origen_nacional":2249644.8379000002}},{"type":"Feature","id":672,"geometry":{"type":"Point","coordinates":[4715712.6571000004,2248604.7958000004]},"properties":{"OBJECTID":672,"id_cruce":256,"id_controlador":258,"direccion":"CR 50  CL 43","ubicacion":null,"cod_barrio":"1011","link_foto":null,"cod_smf_cl_cont":null,"x_origen_nacional":4715712.6571000004,"y_origen_nacional":2248604.7958}},{"type":"Feature","id":673,"geometry":{"type":"Point","coordinates":[4714313.0891000014,2247270.5199999996]},"properties":{"OBJECTID":673,"id_cruce":405,"id_controlador":75,"direccion":"CR 65  CL 30","ubicacion":"Cost SUR","cod_barrio":"1502","link_foto":null,"cod_smf_cl_cont":null,"x_origen_nacional":4714313.0891000004,"y_origen_nacional":2247270.52}},{"type":"Feature","id":674,"geometry":{"type":"Point","coordinates":[4715209.8890000004,2247057.2347000018]},"properties":{"OBJECTID":674,"id_cruce":215,"id_controlador":304,"direccion":"CR 48  CL 27","ubicacion":"Peat Bancolombia","cod_barrio":"1401","link_foto":null,"cod_smf_cl_cont":null,"x_origen_nacional":4715209.8890000004,"y_origen_nacional":2247057.2346999999}},{"type":"Feature","id":675,"geometry":{"type":"Point","coordinates":[4712457.8231999995,2246468.9586999994]},"properties":{"OBJECTID":675,"id_cruce":528,"id_controlador":113,"direccion":"CR 80  CL 19","ubicacion":"Col. Sn. Carlos","cod_barrio":"1612","link_foto":null,"cod_smf_cl_cont":null,"x_origen_nacional":4712457.8232000005,"y_origen_nacional":2246468.9586999998}},{"type":"Feature","id":676,"geometry":{"type":"Point","coordinates":[4713394.6737000011,2246748.0921000037]},"properties":{"OBJECTID":676,"id_cruce":454,"id_controlador":94,"direccion":"CR 69 B  CL 25 A","ubicacion":"Paso ciclista JP2","cod_barrio":"Inst_19","link_foto":null,"cod_smf_cl_cont":null,"x_origen_nacional":4713394.6737000002,"y_origen_nacional":2246748.0921}},{"type":"Feature","id":677,"geometry":{"type":"Point","coordinates":[4712828.8174999999,2247164.3045000024]},"properties":{"OBJECTID":677,"id_cruce":499,"id_controlador":71,"direccion":"CR 76  CL 29","ubicacion":null,"cod_barrio":"1603","link_foto":null,"cod_smf_cl_cont":null,"x_origen_nacional":4712828.8174999999,"y_origen_nacional":2247164.3045000001}},{"type":"Feature","id":678,"geometry":{"type":"Point","coordinates":[4712168.2359999996,2247234.2712000031]},"properties":{"OBJECTID":678,"id_cruce":1,"id_controlador":69,"direccion":"AV 80  CL 30","ubicacion":null,"cod_barrio":"1614","link_foto":null,"cod_smf_cl_cont":null,"x_origen_nacional":4712168.2359999996,"y_origen_nacional":2247234.2711999998}},{"type":"Feature","id":679,"geometry":{"type":"Point","coordinates":[4716385.065200001,2247011.6695000026]},"properties":{"OBJECTID":679,"id_cruce":59,"id_controlador":302,"direccion":"CR 35  CL 29 C","ubicacion":"LOMA INDIO","cod_barrio":"0914","link_foto":null,"cod_smf_cl_cont":null,"x_origen_nacional":4716385.0652000001,"y_origen_nacional":2247011.6694999998}},{"type":"Feature","id":680,"geometry":{"type":"Point","coordinates":[4716479.9904000014,2247665.068900004]},"properties":{"OBJECTID":680,"id_cruce":62,"id_controlador":301,"direccion":"CR 36  CL 36","ubicacion":null,"cod_barrio":"0912","link_foto":null,"cod_smf_cl_cont":null,"x_origen_nacional":4716479.9903999995,"y_origen_nacional":2247665.0688999998}},{"type":"Feature","id":681,"geometry":{"type":"Point","coordinates":[4716430.5753000015,2247712.0813000035]},"properties":{"OBJECTID":681,"id_cruce":63,"id_controlador":301,"direccion":"CR 36  CL 36 A","ubicacion":null,"cod_barrio":"0912","link_foto":null,"cod_smf_cl_cont":null,"x_origen_nacional":4716430.5752999997,"y_origen_nacional":2247712.0813000002}},{"type":"Feature","id":682,"geometry":{"type":"Point","coordinates":[4716702.6189999999,2247918.9343000017]},"properties":{"OBJECTID":682,"id_cruce":64,"id_controlador":300,"direccion":"CR 36  CL 40","ubicacion":null,"cod_barrio":"0912","link_foto":null,"cod_smf_cl_cont":null,"x_origen_nacional":4716702.6189999999,"y_origen_nacional":2247918.9342999998}},{"type":"Feature","id":683,"geometry":{"type":"Point","coordinates":[4716657.4545000009,2247960.3105999995]},"properties":{"OBJECTID":683,"id_cruce":65,"id_controlador":300,"direccion":"CR 36 A  CL 40","ubicacion":null,"cod_barrio":"0912","link_foto":null,"cod_smf_cl_cont":null,"x_origen_nacional":4716657.4545,"y_origen_nacional":2247960.3106}},{"type":"Feature","id":684,"geometry":{"type":"Point","coordinates":[4716919.4697000002,2248302.0254000016]},"properties":{"OBJECTID":684,"id_cruce":66,"id_controlador":298,"direccion":"CR 36 A  CL 45","ubicacion":null,"cod_barrio":"0907","link_foto":null,"cod_smf_cl_cont":null,"x_origen_nacional":4716919.4697000002,"y_origen_nacional":2248302.0254000002}},{"type":"Feature","id":685,"geometry":{"type":"Point","coordinates":[4716976.5075000012,2248369.7445000038]},"properties":{"OBJECTID":685,"id_cruce":67,"id_controlador":298,"direccion":"CR 36 A  CL 47","ubicacion":null,"cod_barrio":"0907","link_foto":null,"cod_smf_cl_cont":null,"x_origen_nacional":4716976.5075000003,"y_origen_nacional":2248369.7445}},{"type":"Feature","id":686,"geometry":{"type":"Point","coordinates":[4717107.6167000011,2248680.2292000018]},"properties":{"OBJECTID":686,"id_cruce":68,"id_controlador":297,"direccion":"CR 36 A  CL 50","ubicacion":null,"cod_barrio":"1016","link_foto":null,"cod_smf_cl_cont":null,"x_origen_nacional":4717107.6167000001,"y_origen_nacional":2248680.2291999999}},{"type":"Feature","id":687,"geometry":{"type":"Point","coordinates":[4717222.1875000009,2248784.882100001]},"properties":{"OBJECTID":687,"id_cruce":69,"id_controlador":297,"direccion":"CR 36 A  CL 51","ubicacion":null,"cod_barrio":"1016","link_foto":null,"cod_smf_cl_cont":null,"x_origen_nacional":4717222.1875,"y_origen_nacional":2248784.8821}},{"type":"Feature","id":688,"geometry":{"type":"Point","coordinates":[4717261.2124000015,2248938.8203999996]},"properties":{"OBJECTID":688,"id_cruce":70,"id_controlador":296,"direccion":"CR 36 A  CL 54","ubicacion":null,"cod_barrio":"1016","link_foto":null,"cod_smf_cl_cont":null,"x_origen_nacional":4717261.2123999996,"y_origen_nacional":2248938.8204000001}},{"type":"Feature","id":689,"geometry":{"type":"Point","coordinates":[4715095.8436000003,2243572.6460000016]},"properties":{"OBJECTID":689,"id_cruce":111,"id_controlador":62,"direccion":"CR 43 B  CL 8 S","ubicacion":"CARULLA","cod_barrio":"1422","link_foto":null,"cod_smf_cl_cont":null,"x_origen_nacional":4715095.8436000003,"y_origen_nacional":2243572.6460000002}},{"type":"Feature","id":690,"geometry":{"type":"Point","coordinates":[4715203.8896000003,2243998.4689000007]},"properties":{"OBJECTID":690,"id_cruce":112,"id_controlador":61,"direccion":"CR 43 C  CL 3 S","ubicacion":"Cañaveral","cod_barrio":"1421","link_foto":null,"cod_smf_cl_cont":null,"x_origen_nacional":4715203.8896000003,"y_origen_nacional":2243998.4689000002}},{"type":"Feature","id":691,"geometry":{"type":"Point","coordinates":[4714999.2679000013,2243731.0676000025]},"properties":{"OBJECTID":691,"id_cruce":113,"id_controlador":62,"direccion":"CR 43 C  CL 7 S","ubicacion":"SHERATON","cod_barrio":"1422","link_foto":null,"cod_smf_cl_cont":null,"x_origen_nacional":4714999.2679000003,"y_origen_nacional":2243731.0676000002}},{"type":"Feature","id":692,"geometry":{"type":"Point","coordinates":[4715041.8264000006,2243822.0550000016]},"properties":{"OBJECTID":692,"id_cruce":114,"id_controlador":62,"direccion":"CR 43 C  CL 6 S","ubicacion":"POMONA","cod_barrio":"1422","link_foto":null,"cod_smf_cl_cont":null,"x_origen_nacional":4715041.8263999997,"y_origen_nacional":2243822.0550000002}},{"type":"Feature","id":693,"geometry":{"type":"Point","coordinates":[4717655.8764000004,2252669.028400002]},"properties":{"OBJECTID":693,"id_cruce":169,"id_controlador":207,"direccion":"CR 45  CL 88","ubicacion":null,"cod_barrio":"0411","link_foto":null,"cod_smf_cl_cont":null,"x_origen_nacional":4717655.8764000004,"y_origen_nacional":2252669.0284000002}},{"type":"Feature","id":694,"geometry":{"type":"Point","coordinates":[4717647.8573000021,2252852.7990000006]},"properties":{"OBJECTID":694,"id_cruce":170,"id_controlador":208,"direccion":"CR 45  CL 90","ubicacion":null,"cod_barrio":"0301","link_foto":null,"cod_smf_cl_cont":null,"x_origen_nacional":4717647.8573000003,"y_origen_nacional":2252852.7990000001}},{"type":"Feature","id":695,"geometry":{"type":"Point","coordinates":[4717562.889200002,2253109.4778000005]},"properties":{"OBJECTID":695,"id_cruce":190,"id_controlador":209,"direccion":"CR 46  CL 93","ubicacion":null,"cod_barrio":"0401","link_foto":null,"cod_smf_cl_cont":null,"x_origen_nacional":4717562.8892000001,"y_origen_nacional":2253109.4778}},{"type":"Feature","id":696,"geometry":{"type":"Point","coordinates":[4717490.6881000008,2253108.9663999993]},"properties":{"OBJECTID":696,"id_cruce":191,"id_controlador":209,"direccion":"CR 46 A  CL 93","ubicacion":null,"cod_barrio":"0401","link_foto":null,"cod_smf_cl_cont":null,"x_origen_nacional":4717490.6880999999,"y_origen_nacional":2253108.9663999998}},{"type":"Feature","id":697,"geometry":{"type":"Point","coordinates":[4715114.3281000005,2246127.1514000036]},"properties":{"OBJECTID":697,"id_cruce":213,"id_controlador":63,"direccion":"CR 48  CL 18 A","ubicacion":"Peat Ciudad del Rio","cod_barrio":"1403","link_foto":null,"cod_smf_cl_cont":null,"x_origen_nacional":4715114.3280999996,"y_origen_nacional":2246127.1513999999}},{"type":"Feature","id":698,"geometry":{"type":"Point","coordinates":[4717357.1080999998,2253115.2848000024]},"properties":{"OBJECTID":698,"id_cruce":231,"id_controlador":210,"direccion":"CR 48  CL 93","ubicacion":null,"cod_barrio":"0401","link_foto":null,"cod_smf_cl_cont":null,"x_origen_nacional":4717357.1080999998,"y_origen_nacional":2253115.2848}},{"type":"Feature","id":699,"geometry":{"type":"Point","coordinates":[4717218.3060000008,2253121.7210000027]},"properties":{"OBJECTID":699,"id_cruce":243,"id_controlador":211,"direccion":"CR 49 A  CL 93","ubicacion":null,"cod_barrio":"0401","link_foto":null,"cod_smf_cl_cont":null,"x_origen_nacional":4717218.3059999999,"y_origen_nacional":2253121.7209999999}},{"type":"Feature","id":700,"geometry":{"type":"Point","coordinates":[4717230.1013000011,2253265.9884000011]},"properties":{"OBJECTID":700,"id_cruce":244,"id_controlador":211,"direccion":"CR 49 A  CL 94","ubicacion":null,"cod_barrio":"0401","link_foto":null,"cod_smf_cl_cont":null,"x_origen_nacional":4717230.1013000002,"y_origen_nacional":2253265.9884000001}},{"type":"Feature","id":701,"geometry":{"type":"Point","coordinates":[4714369.5784000009,2244344.1427000016]},"properties":{"OBJECTID":701,"id_cruce":267,"id_controlador":66,"direccion":"CR 50 E  CL 2 S","ubicacion":null,"cod_barrio":"1509","link_foto":null,"cod_smf_cl_cont":null,"x_origen_nacional":4714369.5784,"y_origen_nacional":2244344.1427000002}},{"type":"Feature","id":702,"geometry":{"type":"Point","coordinates":[4714150.0264000008,2244439.7827000022]},"properties":{"OBJECTID":702,"id_cruce":274,"id_controlador":65,"direccion":"CR 51  CL 2 S","ubicacion":null,"cod_barrio":"1509","link_foto":null,"cod_smf_cl_cont":null,"x_origen_nacional":4714150.0263999999,"y_origen_nacional":2244439.7826999999}},{"type":"Feature","id":703,"geometry":{"type":"Point","coordinates":[4713877.6235999987,2244376.5506999996]},"properties":{"OBJECTID":703,"id_cruce":308,"id_controlador":25,"direccion":"CR 52  CL 4 S","ubicacion":null,"cod_barrio":"1509","link_foto":null,"cod_smf_cl_cont":null,"x_origen_nacional":4713877.6235999996,"y_origen_nacional":2244376.5507}},{"type":"Feature","id":704,"geometry":{"type":"Point","coordinates":[4714918.5815000013,2247184.8357999995]},"properties":{"OBJECTID":704,"id_cruce":311,"id_controlador":120,"direccion":"CR 52  CL 29 B","ubicacion":"Salida Metro Plus Est. Ind.","cod_barrio":"1504","link_foto":null,"cod_smf_cl_cont":null,"x_origen_nacional":4714918.5815000003,"y_origen_nacional":2247184.8358}},{"type":"Feature","id":705,"geometry":{"type":"Point","coordinates":[4715510.5832000021,2254999.5612000003]},"properties":{"OBJECTID":705,"id_cruce":489,"id_controlador":292,"direccion":"CR 74  CL 104","ubicacion":null,"cod_barrio":"0604","link_foto":null,"cod_smf_cl_cont":null,"x_origen_nacional":4715510.5832000002,"y_origen_nacional":2254999.5611999999}},{"type":"Feature","id":706,"geometry":{"type":"Point","coordinates":[4715410.2365000006,2255053.4734000023]},"properties":{"OBJECTID":706,"id_cruce":490,"id_controlador":292,"direccion":"CR 74 A  CL 104","ubicacion":null,"cod_barrio":"0604","link_foto":null,"cod_smf_cl_cont":null,"x_origen_nacional":4715410.2364999996,"y_origen_nacional":2255053.4734}},{"type":"Feature","id":707,"geometry":{"type":"Point","coordinates":[4713080.811900001,2251924.0084000006]},"properties":{"OBJECTID":707,"id_cruce":526,"id_controlador":177,"direccion":"CR 80 A  CL 63","ubicacion":"Exito Robledo","cod_barrio":"0717","link_foto":null,"cod_smf_cl_cont":null,"x_origen_nacional":4713080.8119000001,"y_origen_nacional":2251924.0084000002}},{"type":"Feature","id":708,"geometry":{"type":"Point","coordinates":[4713336.7419999996,2251953.1768000033]},"properties":{"OBJECTID":708,"id_cruce":552,"id_controlador":180,"direccion":"CR 80  CR 78","ubicacion":"Fac Minas","cod_barrio":"Inst_5","link_foto":null,"cod_smf_cl_cont":null,"x_origen_nacional":4713336.7419999996,"y_origen_nacional":2251953.1768}},{"type":"Feature","id":709,"geometry":{"type":"Point","coordinates":[4711315.7030999996,2247232.8959000036]},"properties":{"OBJECTID":709,"id_cruce":566,"id_controlador":117,"direccion":"CR 87  CL 30","ubicacion":null,"cod_barrio":"1615","link_foto":null,"cod_smf_cl_cont":null,"x_origen_nacional":4711315.7030999996,"y_origen_nacional":2247232.8958999999}},{"type":"Feature","id":710,"geometry":{"type":"Point","coordinates":[4711955.1285999995,2250350.5628000014]},"properties":{"OBJECTID":710,"id_cruce":569,"id_controlador":162,"direccion":"CR 87  CL 47 F","ubicacion":null,"cod_barrio":"1206","link_foto":null,"cod_smf_cl_cont":null,"x_origen_nacional":4711955.1286000004,"y_origen_nacional":2250350.5628}},{"type":"Feature","id":711,"geometry":{"type":"Point","coordinates":[4711905.9541999996,2250397.8570000008]},"properties":{"OBJECTID":711,"id_cruce":570,"id_controlador":162,"direccion":"CR 87  CL 48 A","ubicacion":null,"cod_barrio":"1304","link_foto":null,"cod_smf_cl_cont":null,"x_origen_nacional":4711905.9541999996,"y_origen_nacional":2250397.8569999998}},{"type":"Feature","id":712,"geometry":{"type":"Point","coordinates":[4714472.5854000002,2248154.2822000012]},"properties":{"OBJECTID":712,"id_cruce":588,"id_controlador":123,"direccion":"CR 64 A  CL 33","ubicacion":"PASO SEGURO SAMEIN","cod_barrio":"1105","link_foto":null,"cod_smf_cl_cont":null,"x_origen_nacional":4714472.5854000002,"y_origen_nacional":2248154.2821999998}},{"type":"Feature","id":713,"geometry":{"type":"Point","coordinates":[4715528.1005999995,2252251.3682000022]},"properties":{"OBJECTID":713,"id_cruce":592,"id_controlador":293,"direccion":"CR 64 C  CL 78","ubicacion":"TERMINAL NORTE cost NORORIENTAL","cod_barrio":"Inst_4","link_foto":null,"cod_smf_cl_cont":null,"x_origen_nacional":4715528.1005999995,"y_origen_nacional":2252251.3681999999}},{"type":"Feature","id":714,"geometry":{"type":"Point","coordinates":[4715457.2778000012,2252314.6169000007]},"properties":{"OBJECTID":714,"id_cruce":593,"id_controlador":293,"direccion":"CR 64 C  CL 81","ubicacion":"TERMINAL NORTE cost NOROCCIDENTAL","cod_barrio":"Inst_4","link_foto":null,"cod_smf_cl_cont":null,"x_origen_nacional":4715457.2778000003,"y_origen_nacional":2252314.6168999998}},{"type":"Feature","id":715,"geometry":{"type":"Point","coordinates":[4715476.6502,2252157.2682000007]},"properties":{"OBJECTID":715,"id_cruce":594,"id_controlador":293,"direccion":"CR 64 C  CL 78","ubicacion":"TERMINAL NORTE cost SURORIENTAL","cod_barrio":"0517","link_foto":null,"cod_smf_cl_cont":null,"x_origen_nacional":4715476.6502,"y_origen_nacional":2252157.2681999998}},{"type":"Feature","id":716,"geometry":{"type":"Point","coordinates":[4714522.6055000015,2244131.3410000019]},"properties":{"OBJECTID":716,"id_cruce":395,"id_controlador":64,"direccion":"CR 50  CL 4 S","ubicacion":null,"cod_barrio":"1509","link_foto":null,"cod_smf_cl_cont":null,"x_origen_nacional":4714522.6054999996,"y_origen_nacional":2244131.341}},{"type":"Feature","id":717,"geometry":{"type":"Point","coordinates":[4714692.5796999997,2249899.9261000026]},"properties":{"OBJECTID":717,"id_cruce":396,"id_controlador":172,"direccion":"CR 64 B  CL 50","ubicacion":"PASO SEGURO","cod_barrio":"1102","link_foto":null,"cod_smf_cl_cont":null,"x_origen_nacional":4714692.5796999997,"y_origen_nacional":2249899.9260999998}},{"type":"Feature","id":718,"geometry":{"type":"Point","coordinates":[4714909.6584000001,2244079.1875000037]},"properties":{"OBJECTID":718,"id_cruce":205,"id_controlador":47,"direccion":"CR 48  CL 4 S","ubicacion":"Cost sur","cod_barrio":"1422","link_foto":null,"cod_smf_cl_cont":null,"x_origen_nacional":4714909.6584000001,"y_origen_nacional":2244079.1875}},{"type":"Feature","id":719,"geometry":{"type":"Point","coordinates":[4714906.2740000002,2244120.7724000011]},"properties":{"OBJECTID":719,"id_cruce":206,"id_controlador":47,"direccion":"CR 48  CL 4 S","ubicacion":"Peatonal","cod_barrio":"1422","link_foto":null,"cod_smf_cl_cont":null,"x_origen_nacional":4714906.2740000002,"y_origen_nacional":2244120.7724000001}},{"type":"Feature","id":720,"geometry":{"type":"Point","coordinates":[4716025.8645000011,2254451.7602999993]},"properties":{"OBJECTID":720,"id_cruce":430,"id_controlador":311,"direccion":"CR 65  CL 101","ubicacion":null,"cod_barrio":"0509","link_foto":null,"cod_smf_cl_cont":null,"x_origen_nacional":4716025.8645000001,"y_origen_nacional":2254451.7603000002}},{"type":"Feature","id":721,"geometry":{"type":"Point","coordinates":[4716117.3903999999,2254731.2227000017]},"properties":{"OBJECTID":721,"id_cruce":431,"id_controlador":311,"direccion":"CR 65  CL 103 E","ubicacion":null,"cod_barrio":"0509","link_foto":null,"cod_smf_cl_cont":null,"x_origen_nacional":4716117.3903999999,"y_origen_nacional":2254731.2226999998}},{"type":"Feature","id":722,"geometry":{"type":"Point","coordinates":[4712304.1111000013,2252496.5841000024]},"properties":{"OBJECTID":722,"id_cruce":572,"id_controlador":381,"direccion":"CR 91  CL 64","ubicacion":"Peatonal via al mar, I.E. Rafael Garcia H.","cod_barrio":"0717","link_foto":null,"cod_smf_cl_cont":null,"x_origen_nacional":4712304.1111000003,"y_origen_nacional":2252496.5841000001}},{"type":"Feature","id":723,"geometry":{"type":"Point","coordinates":[4713854.6202999987,2251250.7896000016]},"properties":{"OBJECTID":723,"id_cruce":491,"id_controlador":178,"direccion":"CR 74 B  CL 65","ubicacion":"Peat. Monseñor Cano","cod_barrio":"0703","link_foto":null,"cod_smf_cl_cont":null,"x_origen_nacional":4713854.6202999996,"y_origen_nacional":2251250.7895999998}},{"type":"Feature","id":724,"geometry":{"type":"Point","coordinates":[4715097.2275999999,2251580.1488000005]},"properties":{"OBJECTID":724,"id_cruce":420,"id_controlador":308,"direccion":"CR 65  CL 71A","ubicacion":"CC LA FLORIDA","cod_barrio":"0519","link_foto":null,"cod_smf_cl_cont":null,"x_origen_nacional":4715097.2275999999,"y_origen_nacional":2251580.1488000001}}]}